timestamp,price,market_cap,volume_24h,circulating_supply,price_change_24h,bullish_sentiment,bearish_sentiment
2025-10-27 11:31:53,"$115,127.75",$2.29T,$59.96B,19.94M BTC,2.16% (24h),82%,18%
2025-10-27 11:38:22,"$115,135.81",$2.29T,$59.75B,19.94M BTC,2.34% (24h),82%,18%
2025-10-27 05:58:47,"$115,261.57",$2.29T,$58.43B,19.94M BTC,2.47% (24h),82%,18%
2025-10-27 06:19:57,"$115,456.25",$2.3T,$59.42B,19.94M BTC,2.76% (24h),82%,18%
2025-10-27 06:43:12,"$115,476.54",$2.3T,$58.52B,19.94M BTC,2.71% (24h),82%,18%
2025-10-27 06:55:41,"$115,440.77",$2.3T,$59.45B,19.94M BTC,2.62% (24h),82%,18%
2025-10-27 07:12:35,"$115,454.31",$2.3T,$59.53B,19.94M BTC,2.6% (24h),82%,18%
2025-10-27 07:30:42,"$115,303.47",$2.29T,$58.69B,19.94M BTC,2.31% (24h),82%,18%
2025-10-27 07:40:28,"$115,449.17",$2.3T,$58.57B,19.94M BTC,2.22% (24h),82%,18%
2025-10-27 07:47:54,"$115,419.07",$2.3T,$59B,19.94M BTC,1.93% (24h),82%,18%
2025-10-27 07:55:09,"$115,336.83",$2.29T,$58.48B,19.94M BTC,1.91% (24h),82%,18%
2025-10-27 08:25:06,"$115,268.04",$2.29T,$57.62B,19.94M BTC,1.49% (24h),82%,18%
2025-10-27 09:07:39,"$115,189.83",$2.29T,$57.01B,19.94M BTC,1.55% (24h),82%,18%
2025-10-27 09:41:00,"$114,766.60",$2.28T,$55.92B,19.94M BTC,1.01% (24h),82%,18%
2025-10-27 09:54:34,"$115,319.35",$2.29T,$58.13B,19.94M BTC,1.47% (24h),82%,18%
2025-10-27 10:13:33,"$114,743.01",$2.28T,$57.62B,19.94M BTC,0.87% (24h),82%,18%
2025-10-27 10:36:55,"$114,898.13",$2.29T,$58.17B,19.94M BTC,0.93% (24h),82%,18%
2025-10-27 10:50:01,"$114,837.10",$2.28T,$58.22B,19.94M BTC,0.9% (24h),82%,18%
2025-10-27 10:54:32,"$114,725.62",$2.28T,$58.22B,19.94M BTC,1.01% (24h),82%,18%
2025-10-27 11:14:30,"$114,978.79",$2.29T,$59.17B,19.94M BTC,1.27% (24h),82%,18%
2025-10-27 11:34:10,"$115,137.79",$2.29T,$59.7B,19.94M BTC,1.42% (24h),82%,18%
2025-10-27 11:47:47,"$114,965.17",$2.29T,$60.89B,19.94M BTC,1.29% (24h),82%,18%
2025-10-27 11:55:05,"$114,930.08",$2.29T,$61.03B,19.94M BTC,1.11% (24h),82%,18%
2025-10-27 12:16:42,"$115,290.92",$2.29T,$60.17B,19.94M BTC,1.65% (24h),82%,18%
2025-10-27 12:43:54,"$115,482.92",$2.3T,$61.82B,19.94M BTC,1.7% (24h),82%,18%
2025-10-27 12:59:21,"$115,511.78",$2.3T,$60.87B,19.94M BTC,1.72% (24h),82%,18%
2025-10-27 13:16:03,"$115,534.40",$2.3T,$62B,19.94M BTC,1.66% (24h),82%,18%
2025-10-27 13:33:18,"$115,428.95",$2.3T,$61.1B,19.94M BTC,1.56% (24h),82%,18%
2025-10-27 13:45:37,"$115,571.04",$2.3T,$62.31B,19.94M BTC,1.77% (24h),82%,18%
2025-10-27 13:54:05,"$115,584.26",$2.3T,$62.4B,19.94M BTC,1.82% (24h),82%,18%
2025-10-27 14:19:14,"$115,658.73",$2.3T,$61.65B,19.94M BTC,1.84% (24h),82%,18%
2025-10-27 14:46:06,"$115,489.75",$2.3T,$61.79B,19.94M BTC,1.58% (24h),82%,18%
2025-10-27 14:57:30,"$115,351.37",$2.3T,$61.85B,19.94M BTC,1.49% (24h),82%,18%
2025-10-27 15:11:24,"$115,169.75",$2.29T,$62.01B,19.94M BTC,1.41% (24h),82%,18%
2025-10-27 15:25:47,"$115,074.30",$2.29T,$62.73B,19.94M BTC,1.26% (24h),82%,18%
2025-10-27 15:35:10,"$114,822.60",$2.28T,$62.28B,19.94M BTC,1.04% (24h),82%,18%
2025-10-27 15:44:14,"$114,958.67",$2.29T,$62.22B,19.94M BTC,1.18% (24h),82%,18%
2025-10-27 15:54:16,"$114,858.67",$2.29T,$63.48B,19.94M BTC,1.13% (24h),82%,18%
2025-10-27 16:12:24,"$114,770.76",$2.28T,$62.99B,19.94M BTC,1.08% (24h),82%,18%
2025-10-27 16:34:05,"$114,709.94",$2.28T,$63.38B,19.94M BTC,1.12% (24h),82%,18%
2025-10-27 16:46:03,"$114,656.32",$2.28T,$63.41B,19.94M BTC,1.04% (24h),82%,18%
2025-10-27 16:54:23,"$114,644.24",$2.28T,$63.64B,19.94M BTC,1.06% (24h),82%,18%
2025-10-27 17:12:12,"$114,526.63",$2.28T,$63.93B,19.94M BTC,0.99% (24h),82%,18%
2025-10-27 17:28:02,"$114,182.13",$2.27T,$64B,19.94M BTC,0.74% (24h),82%,18%
2025-10-27 17:37:51,"$114,330.05",$2.27T,$64.19B,19.94M BTC,0.8% (24h),82%,18%
2025-10-27 17:44:26,"$114,339.79",$2.28T,$64.25B,19.94M BTC,0.78% (24h),82%,18%
2025-10-27 17:54:15,"$114,540.05",$2.28T,$65.11B,19.94M BTC,0.93% (24h),82%,18%
2025-10-27 18:12:04,"$114,452.28",$2.28T,$64.16B,19.94M BTC,0.13% (24h),82%,18%
2025-10-27 18:34:09,"$114,323.23",$2.27T,$62.06B,19.94M BTC,0.04% (24h),82%,18%
2025-10-27 18:46:29,"$114,177.68",$2.27T,$60.95B,19.94M BTC,0.37% (24h),82%,18%
2025-10-27 18:54:21,"$114,269.62",$2.27T,$60.83B,19.94M BTC,0.38% (24h),82%,18%
2025-10-27 19:12:07,"$114,087.97",$2.27T,$60.62B,19.94M BTC,0.36% (24h),82%,18%
2025-10-27 19:30:00,"$114,027.14",$2.27T,$60.63B,19.94M BTC,0.36% (24h),82%,18%
2025-10-27 19:38:31,"$114,108.21",$2.27T,$61.76B,19.94M BTC,0.47% (24h),82%,18%
2025-10-27 19:45:57,"$114,145.65",$2.27T,$61.78B,19.94M BTC,0.41% (24h),82%,18%
2025-10-27 19:54:22,"$114,157.02",$2.27T,$61.8B,19.94M BTC,0.32% (24h),82%,18%
2025-10-27 20:54:18,"$113,908.97",$2.27T,$58.4B,19.94M BTC,0.76% (24h),82%,18%
2025-10-27 22:25:08,"$113,977.09",$2.27T,$58.15B,19.94M BTC,1% (24h),82%,18%
2025-10-27 23:29:27,"$113,961.02",$2.27T,$58.18B,19.94M BTC,0.89% (24h),82%,18%
2025-10-27 23:53:39,"$113,880.61",$2.27T,$58.96B,19.94M BTC,0.94% (24h),82%,18%
2025-10-28 00:16:01,"$113,902.96",$2.27T,$58.88B,19.94M BTC,1.13% (24h),82%,18%
2025-10-28 00:38:25,"$113,865.20",$2.27T,$58.9B,19.94M BTC,1.16% (24h),82%,18%
2025-10-28 00:49:44,"$113,995.10",$2.27T,$58.95B,19.94M BTC,1.07% (24h),82%,18%
2025-10-28 00:56:18,"$113,983.27",$2.27T,$58.03B,19.94M BTC,1.1% (24h),82%,18%
2025-10-28 01:14:08,"$113,873.26",$2.27T,$58.75B,19.94M BTC,1.37% (24h),82%,18%
2025-10-28 01:35:52,"$113,862.97",$2.27T,$58.34B,19.94M BTC,1.41% (24h),82%,18%
2025-10-28 01:47:56,"$113,719.28",$2.26T,$57.18B,19.94M BTC,1.58% (24h),82%,18%
2025-10-28 01:54:48,"$113,599.88",$2.26T,$57.32B,19.94M BTC,1.65% (24h),82%,18%
2025-10-28 02:20:21,"$113,806.02",$2.26T,$58.15B,19.94M BTC,1.6% (24h),82%,18%
2025-10-28 02:49:12,"$114,018.52",$2.27T,$56.24B,19.94M BTC,1.63% (24h),82%,18%
2025-10-28 03:00:38,"$114,111.19",$2.27T,$55.28B,19.94M BTC,1.63% (24h),82%,18%
2025-10-28 03:20:32,"$114,196.33",$2.27T,$54.3B,19.94M BTC,1.5% (24h),82%,18%
2025-10-28 03:34:25,"$114,165.91",$2.27T,$54.56B,19.94M BTC,1.41% (24h),82%,18%
2025-10-28 03:45:31,"$114,231.76",$2.27T,$54.31B,19.94M BTC,1.19% (24h),82%,18%
2025-10-28 03:54:09,"$114,200.51",$2.27T,$53.47B,19.94M BTC,1.19% (24h),82%,18%
2025-10-28 04:18:22,"$114,158.05",$2.27T,$52.45B,19.94M BTC,1.15% (24h),82%,18%
2025-10-28 04:44:05,"$114,415.85",$2.28T,$50.96B,19.94M BTC,0.73% (24h),82%,18%
2025-10-28 04:58:19,"$114,407.51",$2.28T,$50.66B,19.94M BTC,0.46% (24h),82%,18%
2025-10-28 05:17:44,"$114,363.97",$2.28T,$50.35B,19.94M BTC,0.56% (24h),82%,18%
2025-10-28 05:35:59,"$114,304.92",$2.27T,$49.68B,19.94M BTC,0.72% (24h),82%,18%
2025-10-28 05:48:15,"$114,483.21",$2.28T,$49.55B,19.94M BTC,0.7% (24h),82%,18%
2025-10-28 05:54:38,"$114,509.80",$2.28T,$48.52B,19.94M BTC,0.65% (24h),82%,18%
2025-10-28 06:14:52,"$114,487.46",$2.28T,$48.26B,19.94M BTC,0.71% (24h),82%,18%
2025-10-28 06:40:24,"$114,440.43",$2.28T,$47.92B,19.94M BTC,0.89% (24h),82%,18%
2025-10-28 06:52:24,"$114,532.22",$2.28T,$48.78B,19.94M BTC,0.78% (24h),82%,18%
2025-10-28 07:11:53,"$114,490.70",$2.28T,$48.84B,19.94M BTC,0.82% (24h),82%,18%
2025-10-28 07:27:19,"$114,520.08",$2.28T,$47.84B,19.94M BTC,0.64% (24h),82%,18%
2025-10-28 07:36:07,"$114,569.37",$2.28T,$47.77B,19.94M BTC,0.7% (24h),82%,18%
2025-10-28 07:44:20,"$114,503.85",$2.28T,$48.76B,19.94M BTC,0.83% (24h),82%,18%
2025-10-28 07:55:03,"$114,319.03",$2.27T,$48.91B,19.94M BTC,0.88% (24h),82%,18%
2025-10-28 08:24:16,"$114,172.64",$2.27T,$46.64B,19.94M BTC,0.93% (24h),82%,18%
2025-10-28 09:05:38,"$114,580.58",$2.28T,$47.4B,19.94M BTC,0.45% (24h),82%,18%
2025-10-28 09:39:30,"$115,030.91",$2.29T,$48.85B,19.94M BTC,0.18% (24h),82%,18%
2025-10-28 09:51:52,"$115,427.45",$2.3T,$48.89B,19.94M BTC,0.33% (24h),82%,18%
2025-10-28 09:58:48,"$115,459.68",$2.3T,$48.89B,19.94M BTC,0.19% (24h),82%,18%
2025-10-28 10:18:38,"$115,824.61",$2.3T,$49.28B,19.94M BTC,0.91% (24h),82%,18%
2025-10-28 10:41:29,"$115,118.61",$2.29T,$49.88B,19.94M BTC,0.1% (24h),82%,18%
2025-10-28 10:53:30,"$114,974.37",$2.29T,$51.17B,19.94M BTC,0.15% (24h),82%,18%
2025-10-28 11:15:00,"$115,327.70",$2.29T,$51.97B,19.94M BTC,0.32% (24h),82%,18%
2025-10-28 11:36:52,"$114,830.77",$2.28T,$51.49B,19.94M BTC,0.15% (24h),82%,18%
2025-10-28 11:49:25,"$114,706.26",$2.28T,$51.88B,19.94M BTC,0.22% (24h),82%,18%
2025-10-28 11:58:00,"$114,630.63",$2.28T,$51.96B,19.94M BTC,0.27% (24h),82%,18%
2025-10-28 12:20:26,"$114,745.67",$2.28T,$53.05B,19.94M BTC,0.49% (24h),82%,18%
2025-10-28 12:46:00,"$115,089.34",$2.29T,$52.92B,19.94M BTC,0.3% (24h),82%,18%
2025-10-28 13:00:28,"$115,358.85",$2.3T,$53.33B,19.94M BTC,0.11% (24h),82%,18%
2025-10-28 13:18:44,"$115,538.59",$2.3T,$53.64B,19.94M BTC,0.01% (24h),82%,18%
2025-10-28 13:36:36,"$115,475.19",$2.3T,$54.9B,19.94M BTC,0.02% (24h),82%,18%
2025-10-28 13:48:16,"$115,486.43",$2.3T,$54.14B,19.94M BTC,0.14% (24h),82%,18%
2025-10-28 13:54:42,"$115,418.81",$2.3T,$55.14B,19.94M BTC,0.14% (24h),82%,18%
2025-10-28 14:19:19,"$115,207.53",$2.29T,$55.32B,19.94M BTC,0.38% (24h),82%,18%
2025-10-28 14:48:40,"$114,749.35",$2.28T,$54.95B,19.94M BTC,0.59% (24h),82%,18%
2025-10-28 15:00:42,"$115,021.79",$2.29T,$55.2B,19.94M BTC,0.27% (24h),82%,18%
2025-10-28 15:17:39,"$114,559.51",$2.28T,$55.11B,19.94M BTC,0.55% (24h),82%,18%
2025-10-28 15:29:44,"$113,815.31",$2.26T,$55.76B,19.94M BTC,1.04% (24h),82%,18%
2025-10-28 15:45:23,"$113,975.37",$2.27T,$55.74B,19.94M BTC,0.85% (24h),82%,18%
2025-10-28 15:54:22,"$113,796.83",$2.26T,$55.94B,19.94M BTC,0.92% (24h),82%,18%
2025-10-28 16:15:26,"$112,874.39",$2.25T,$58.63B,19.94M BTC,1.66% (24h),82%,18%
2025-10-28 16:36:36,"$112,600.80",$2.24T,$58.94B,19.94M BTC,1.78% (24h),82%,18%
2025-10-28 16:49:23,"$112,757.71",$2.24T,$60.57B,19.94M BTC,1.67% (24h),82%,18%
2025-10-28 16:55:56,"$112,886.86",$2.25T,$60.57B,19.94M BTC,1.52% (24h),82%,18%
2025-10-28 17:12:36,"$112,552.83",$2.24T,$61.94B,19.94M BTC,1.72% (24h),82%,18%
2025-10-28 17:31:58,"$112,689.60",$2.24T,$61.63B,19.94M BTC,1.29% (24h),82%,18%
2025-10-28 17:42:03,"$112,987.02",$2.25T,$61.37B,19.94M BTC,1.19% (24h),82%,18%
2025-10-28 17:54:09,"$113,083.06",$2.25T,$61.94B,19.94M BTC,1.26% (24h),82%,18%
2025-10-28 18:12:53,"$112,954.10",$2.25T,$63.48B,19.94M BTC,1.3% (24h),82%,18%
2025-10-28 18:34:52,"$113,199.93",$2.25T,$63.03B,19.94M BTC,0.98% (24h),82%,18%
2025-10-28 18:46:58,"$113,235.76",$2.25T,$63.25B,19.94M BTC,0.82% (24h),82%,18%
2025-10-28 18:54:03,"$113,208.98",$2.25T,$63.25B,19.94M BTC,0.9% (24h),82%,18%
2025-10-28 19:12:33,"$113,053.84",$2.25T,$63.29B,19.94M BTC,0.9% (24h),82%,18%
2025-10-28 19:31:16,"$112,892.55",$2.25T,$63.39B,19.94M BTC,0.99% (24h),82%,18%
2025-10-28 19:41:07,"$113,049.27",$2.25T,$64.24B,19.94M BTC,0.95% (24h),82%,18%
2025-10-28 19:47:47,"$113,032.57",$2.25T,$64.27B,19.94M BTC,0.98% (24h),82%,18%
2025-10-28 19:54:45,"$112,996.86",$2.25T,$64.31B,19.94M BTC,1.02% (24h),82%,18%
2025-10-28 20:58:47,"$112,556.23",$2.24T,$64.95B,19.94M BTC,1.22% (24h),82%,18%
2025-10-28 22:44:39,"$112,605.26",$2.24T,$65.92B,19.94M BTC,1.23% (24h),82%,18%
2025-10-28 23:41:11,"$112,544.16",$2.24T,$65.1B,19.94M BTC,1.14% (24h),82%,18%
2025-10-29 00:03:49,"$112,621.64",$2.24T,$65.86B,19.94M BTC,1.12% (24h),82%,18%
2025-10-29 00:37:34,"$112,780.41",$2.24T,$65.68B,19.94M BTC,0.97% (24h),82%,18%
2025-10-29 00:52:06,"$112,808.26",$2.24T,$64.79B,19.94M BTC,1.06% (24h),82%,18%
2025-10-29 01:13:54,"$112,892.70",$2.25T,$65.65B,19.94M BTC,0.87% (24h),82%,18%
2025-10-29 01:36:24,"$113,145.25",$2.25T,$65.11B,19.94M BTC,0.63% (24h),82%,18%
2025-10-29 01:48:34,"$113,081.90",$2.25T,$65.37B,19.94M BTC,0.56% (24h),82%,18%
2025-10-29 01:56:05,"$113,083.57",$2.25T,$65.33B,19.94M BTC,0.47% (24h),82%,18%
2025-10-29 02:19:41,"$113,057.56",$2.25T,$65.81B,19.94M BTC,0.62% (24h),82%,18%
2025-10-29 02:49:05,"$113,240.79",$2.25T,$64.72B,19.94M BTC,0.68% (24h),82%,18%
2025-10-29 03:01:23,"$113,276.61",$2.25T,$65.37B,19.94M BTC,0.76% (24h),82%,18%
2025-10-29 03:21:07,"$113,329.47",$2.25T,$64.48B,19.94M BTC,0.8% (24h),82%,18%
2025-10-29 03:34:39,"$113,408.65",$2.26T,$65.37B,19.94M BTC,0.67% (24h),82%,18%
2025-10-29 03:46:11,"$113,301.59",$2.25T,$65.53B,19.94M BTC,0.82% (24h),82%,18%
2025-10-29 03:54:27,"$113,441.64",$2.26T,$65.61B,19.94M BTC,0.66% (24h),82%,18%
2025-10-29 04:18:09,"$113,397.82",$2.26T,$65.85B,19.94M BTC,0.65% (24h),82%,18%
2025-10-29 04:44:52,"$113,123.62",$2.25T,$65.11B,19.94M BTC,1.12% (24h),82%,18%
2025-10-29 04:58:39,"$113,037.79",$2.25T,$65.23B,19.94M BTC,1.19% (24h),82%,18%
2025-10-29 05:18:25,"$112,967.73",$2.25T,$64.97B,19.94M BTC,1.22% (24h),82%,18%
2025-10-29 05:35:24,"$112,922.71",$2.25T,$65.33B,19.94M BTC,1.2% (24h),82%,18%
2025-10-29 05:47:42,"$112,932.89",$2.25T,$65.56B,19.94M BTC,1.34% (24h),82%,18%
2025-10-29 05:55:30,"$113,046.94",$2.25T,$65.46B,19.94M BTC,1.28% (24h),82%,18%
2025-10-29 06:14:40,"$112,980.11",$2.25T,$66.67B,19.94M BTC,1.29% (24h),82%,18%
2025-10-29 06:40:08,"$113,163.08",$2.25T,$66.82B,19.94M BTC,1.11% (24h),82%,18%
2025-10-29 06:51:33,"$113,012.96",$2.25T,$66.72B,19.94M BTC,1.34% (24h),82%,18%
2025-10-29 06:58:38,"$112,893.60",$2.25T,$65.91B,19.94M BTC,1.48% (24h),82%,18%
2025-10-29 07:15:00,"$113,064.93",$2.25T,$66.63B,19.94M BTC,1.26% (24h),82%,18%
2025-10-29 07:30:47,"$113,144.31",$2.25T,$66.65B,19.94M BTC,1.21% (24h),82%,18%
2025-10-29 07:40:38,"$113,194.65",$2.25T,$66.84B,19.94M BTC,1.23% (24h),82%,18%
2025-10-29 07:47:41,"$113,119.35",$2.25T,$66.56B,19.94M BTC,1.18% (24h),82%,18%
2025-10-29 07:55:35,"$113,126.52",$2.25T,$66.56B,19.94M BTC,1.03% (24h),82%,18%
2025-10-29 08:25:01,"$113,183.31",$2.25T,$64.89B,19.94M BTC,0.87% (24h),82%,18%
2025-10-29 09:08:01,"$113,293.55",$2.25T,$65.11B,19.94M BTC,1.13% (24h),82%,18%
2025-10-29 09:43:00,"$113,119.45",$2.25T,$63.47B,19.94M BTC,1.67% (24h),82%,18%
2025-10-29 09:58:10,"$112,980.19",$2.25T,$63.21B,19.94M BTC,2.11% (24h),82%,18%
2025-10-29 10:16:36,"$112,685.14",$2.24T,$62.96B,19.94M BTC,2.64% (24h),82%,18%
2025-10-29 10:39:59,"$112,662.96",$2.24T,$63.25B,19.94M BTC,2.41% (24h),82%,18%
2025-10-29 10:53:26,"$112,511.03",$2.24T,$61.99B,19.94M BTC,2.13% (24h),82%,18%
2025-10-29 11:15:05,"$112,339.88",$2.24T,$60.85B,19.94M BTC,2.58% (24h),82%,18%
2025-10-29 11:37:47,"$111,748.09",$2.22T,$60.8B,19.94M BTC,2.67% (24h),82%,18%
2025-10-29 11:51:20,"$111,609.68",$2.22T,$61.38B,19.94M BTC,2.78% (24h),82%,18%
2025-10-29 12:00:32,"$111,550.29",$2.22T,$61.7B,19.94M BTC,2.69% (24h),82%,18%
2025-10-29 12:25:20,"$111,328.99",$2.22T,$63.6B,19.94M BTC,2.97% (24h),82%,18%
2025-10-29 12:50:51,"$111,185.19",$2.21T,$63.16B,19.94M BTC,3.55% (24h),82%,18%
2025-10-29 13:02:57,"$111,184.96",$2.21T,$63.02B,19.94M BTC,3.65% (24h),82%,18%
2025-10-29 13:23:00,"$111,089.70",$2.21T,$62.82B,19.94M BTC,3.81% (24h),82%,18%
2025-10-29 13:42:56,"$111,724.20",$2.22T,$62B,19.94M BTC,3.31% (24h),82%,18%
2025-10-29 13:51:04,"$111,815.01",$2.22T,$62.07B,19.94M BTC,3.16% (24h),82%,18%
2025-10-29 13:58:27,"$111,792.29",$2.22T,$62.04B,19.94M BTC,3.1% (24h),82%,18%
2025-10-29 14:22:07,"$111,330.71",$2.22T,$62.33B,19.94M BTC,3.36% (24h),82%,18%
2025-10-29 14:48:39,"$110,177.16",$2.19T,$66.81B,19.94M BTC,3.97% (24h),82%,18%
2025-10-29 14:59:48,"$110,871.14",$2.21T,$67.18B,19.94M BTC,3.53% (24h),82%,18%
2025-10-29 15:14:46,"$111,346.49",$2.22T,$67.36B,19.94M BTC,3.12% (24h),82%,18%
2025-10-29 15:29:41,"$111,010.54",$2.21T,$68.79B,19.94M BTC,2.45% (24h),82%,18%
2025-10-29 15:38:48,"$110,596.14",$2.2T,$68.61B,19.94M BTC,3.09% (24h),82%,18%
2025-10-29 15:45:39,"$110,543.21",$2.2T,$68.36B,19.94M BTC,3% (24h),82%,18%
2025-10-29 15:54:44,"$110,728.88",$2.2T,$68.02B,19.94M BTC,2.7% (24h),82%,18%
2025-10-29 16:16:05,"$110,580.38",$2.2T,$68.43B,19.94M BTC,2.05% (24h),82%,18%
2025-10-29 16:36:44,"$111,248.19",$2.21T,$65.68B,19.94M BTC,1.22% (24h),82%,18%
2025-10-29 16:48:33,"$111,325.39",$2.22T,$66.23B,19.94M BTC,1.18% (24h),82%,18%
2025-10-29 16:56:10,"$111,520.60",$2.22T,$65.17B,19.94M BTC,1.2% (24h),82%,18%
2025-10-29 17:12:14,"$111,524.28",$2.22T,$65.66B,19.94M BTC,0.93% (24h),82%,18%
2025-10-29 17:32:02,"$111,657.65",$2.22T,$63.81B,19.94M BTC,0.93% (24h),82%,18%
2025-10-29 17:42:03,"$111,674.05",$2.22T,$63.4B,19.94M BTC,1.16% (24h),82%,18%
2025-10-29 17:48:52,"$111,690.14",$2.22T,$64.22B,19.94M BTC,1.3% (24h),82%,18%
2025-10-29 17:55:55,"$111,599.46",$2.22T,$63.9B,19.94M BTC,1.31% (24h),82%,18%
2025-10-29 18:12:28,"$111,530.37",$2.22T,$63.81B,19.94M BTC,1.23% (24h),82%,18%
2025-10-29 18:36:00,"$111,158.81",$2.21T,$62.38B,19.94M BTC,1.81% (24h),82%,18%
2025-10-29 18:47:34,"$111,175.46",$2.21T,$62.91B,19.94M BTC,1.8% (24h),82%,18%
2025-10-29 18:55:00,"$111,221.67",$2.21T,$63.01B,19.94M BTC,1.75% (24h),82%,18%
2025-10-29 19:12:50,"$110,718.35",$2.2T,$61.97B,19.94M BTC,2.06% (24h),82%,18%
2025-10-29 19:31:52,"$110,418.36",$2.2T,$61.79B,19.94M BTC,2.21% (24h),82%,18%
2025-10-29 19:41:40,"$109,838.88",$2.19T,$61.83B,19.94M BTC,2.83% (24h),82%,18%
2025-10-29 19:49:23,"$109,998.52",$2.19T,$62.15B,19.94M BTC,2.7% (24h),82%,18%
2025-10-29 19:56:28,"$110,136.14",$2.19T,$62.18B,19.94M BTC,2.48% (24h),82%,18%
2025-10-29 20:57:53,"$110,562.85",$2.2T,$61.45B,19.94M BTC,1.78% (24h),82%,18%
2025-10-29 22:30:15,"$110,935.53",$2.21T,$60.08B,19.94M BTC,1.59% (24h),82%,18%
2025-10-29 23:32:58,"$110,779.06",$2.2T,$61.48B,19.94M BTC,1.56% (24h),82%,18%
2025-10-29 23:58:08,"$110,673.57",$2.2T,$61.57B,19.94M BTC,1.66% (24h),82%,18%
2025-10-30 00:18:22,"$109,964.13",$2.19T,$61.67B,19.94M BTC,2.42% (24h),82%,18%
2025-10-30 00:38:59,"$109,303.43",$2.17T,$64.85B,19.94M BTC,3.07% (24h),82%,18%
2025-10-30 00:49:26,"$109,004.85",$2.17T,$65.87B,19.94M BTC,3.37% (24h),82%,18%
2025-10-30 00:56:48,"$108,909.97",$2.17T,$65.45B,19.94M BTC,3.46% (24h),82%,18%
2025-10-30 01:13:30,"$108,847.05",$2.17T,$66.78B,19.94M BTC,3.59% (24h),82%,18%
2025-10-30 01:35:03,"$109,254.64",$2.17T,$67.91B,19.94M BTC,3.45% (24h),82%,18%
2025-10-30 01:46:47,"$110,022.44",$2.19T,$67.03B,19.94M BTC,2.79% (24h),82%,18%
2025-10-30 01:53:56,"$110,306.89",$2.19T,$67.36B,19.94M BTC,2.46% (24h),82%,18%
2025-10-30 02:19:18,"$110,067.26",$2.19T,$69.2B,19.94M BTC,2.63% (24h),82%,18%
2025-10-30 02:47:33,"$110,841.74",$2.21T,$68.73B,19.94M BTC,2.02% (24h),82%,18%
2025-10-30 02:58:25,"$110,824.83",$2.21T,$70.37B,19.94M BTC,2.2% (24h),82%,18%
2025-10-30 03:15:44,"$111,240.34",$2.21T,$70.39B,19.94M BTC,1.8% (24h),82%,18%
2025-10-30 03:31:37,"$111,294.58",$2.21T,$70.29B,19.94M BTC,1.86% (24h),82%,18%
2025-10-30 03:41:30,"$111,243.11",$2.21T,$71.04B,19.94M BTC,1.84% (24h),82%,18%
2025-10-30 03:48:34,"$111,395.12",$2.22T,$71.15B,19.94M BTC,1.71% (24h),82%,18%
2025-10-30 03:54:54,"$111,327.93",$2.22T,$70.89B,19.94M BTC,1.87% (24h),82%,18%
2025-10-30 04:17:31,"$110,896.40",$2.21T,$70.19B,19.94M BTC,2.19% (24h),82%,18%
2025-10-30 04:43:30,"$110,860.64",$2.21T,$71.08B,19.94M BTC,2% (24h),82%,18%
2025-10-30 04:57:52,"$110,753.50",$2.2T,$69.58B,19.94M BTC,2.03% (24h),82%,18%
2025-10-30 05:16:44,"$110,454.98",$2.2T,$71.06B,19.94M BTC,2.21% (24h),82%,18%
2025-10-30 05:35:17,"$110,270.71",$2.19T,$71.31B,19.94M BTC,2.35% (24h),82%,18%
2025-10-30 05:48:22,"$110,272.39",$2.19T,$70.69B,19.94M BTC,2.33% (24h),82%,18%
2025-10-30 05:55:52,"$110,351.49",$2.2T,$70.71B,19.94M BTC,2.36% (24h),82%,18%
2025-10-30 06:14:28,"$110,025.53",$2.19T,$71.38B,19.94M BTC,2.61% (24h),82%,18%
2025-10-30 06:40:02,"$110,085.96",$2.19T,$71.81B,19.94M BTC,2.7% (24h),82%,18%
2025-10-30 06:51:47,"$110,124.93",$2.19T,$72.49B,19.94M BTC,2.55% (24h),82%,18%
2025-10-30 06:58:44,"$110,102.37",$2.19T,$72.19B,19.94M BTC,2.47% (24h),82%,18%
2025-10-30 07:15:06,"$110,023.96",$2.19T,$72.26B,19.94M BTC,2.69% (24h),82%,18%
2025-10-30 07:30:33,"$109,971.92",$2.19T,$71.46B,19.94M BTC,2.8% (24h),82%,18%
2025-10-30 07:40:02,"$109,955.49",$2.19T,$71.15B,19.94M BTC,2.83% (24h),82%,18%
2025-10-30 07:46:23,"$110,004.84",$2.19T,$72.46B,19.94M BTC,2.74% (24h),82%,18%
2025-10-30 07:54:07,"$109,812.77",$2.18T,$70.81B,19.94M BTC,2.93% (24h),82%,18%
2025-10-30 08:24:13,"$109,161.86",$2.17T,$72.03B,19.94M BTC,3.57% (24h),82%,18%
2025-10-30 09:07:16,"$108,594.80",$2.16T,$74.12B,19.94M BTC,4.14% (24h),82%,18%
2025-10-30 09:40:18,"$107,798.49",$2.14T,$75.44B,19.94M BTC,4.62% (24h),82%,18%
2025-10-30 09:53:00,"$107,961.62",$2.15T,$76.49B,19.94M BTC,4.42% (24h),82%,18%
2025-10-30 10:12:40,"$107,989.38",$2.15T,$76.26B,19.94M BTC,4.22% (24h),82%,18%
2025-10-30 10:38:17,"$108,145.06",$2.15T,$77.13B,19.94M BTC,4.01% (24h),82%,18%
2025-10-30 10:51:14,"$108,137.24",$2.15T,$77.35B,19.94M BTC,3.81% (24h),82%,18%
2025-10-30 10:57:59,"$108,258.40",$2.15T,$76.82B,19.94M BTC,3.77% (24h),82%,18%
2025-10-30 11:17:27,"$107,930.12",$2.15T,$77.26B,19.94M BTC,3.9% (24h),82%,18%
2025-10-30 11:38:06,"$107,542.51",$2.14T,$75.66B,19.94M BTC,3.73% (24h),82%,18%
2025-10-30 11:49:49,"$107,477.47",$2.14T,$75.75B,19.94M BTC,3.7% (24h),82%,18%
2025-10-30 11:58:28,"$107,747.03",$2.14T,$75.02B,19.94M BTC,3.35% (24h),82%,18%
2025-10-30 12:20:49,"$107,945.89",$2.15T,$74.51B,19.94M BTC,2.9% (24h),82%,18%
2025-10-30 12:45:21,"$108,012.77",$2.15T,$74.52B,19.94M BTC,2.98% (24h),82%,18%
2025-10-30 12:59:00,"$108,067.16",$2.15T,$74.56B,19.94M BTC,2.8% (24h),82%,18%
2025-10-30 13:16:17,"$107,450.18",$2.14T,$73.61B,19.94M BTC,3.32% (24h),82%,18%
2025-10-30 13:35:23,"$107,117.36",$2.13T,$75.56B,19.94M BTC,3.81% (24h),82%,18%
2025-10-30 13:47:11,"$107,451.27",$2.14T,$75.36B,19.94M BTC,3.78% (24h),82%,18%
2025-10-30 14:18:18,"$107,370.93",$2.14T,$73.72B,19.94M BTC,3.7% (24h),82%,18%
2025-10-30 14:47:04,"$107,087.99",$2.13T,$72.19B,19.94M BTC,2.84% (24h),82%,18%
2025-10-30 14:58:24,"$106,910.22",$2.13T,$69.15B,19.94M BTC,3.73% (24h),82%,18%
2025-10-30 15:13:41,"$106,952.43",$2.13T,$69.05B,19.94M BTC,4% (24h),82%,18%
2025-10-30 15:28:35,"$107,012.64",$2.13T,$68.61B,19.94M BTC,3.61% (24h),82%,18%
2025-10-30 15:36:57,"$106,681.09",$2.12T,$67.43B,19.94M BTC,3.46% (24h),82%,18%
2025-10-30 15:45:00,"$106,709.33",$2.12T,$67.63B,19.94M BTC,3.35% (24h),82%,18%
2025-10-30 15:54:19,"$106,939.04",$2.13T,$68.01B,19.94M BTC,3.38% (24h),82%,18%
2025-10-30 16:15:00,"$106,874.99",$2.13T,$69.12B,19.94M BTC,3.35% (24h),82%,18%
2025-10-30 16:35:04,"$107,178.21",$2.13T,$68.42B,19.94M BTC,3.6% (24h),82%,18%
2025-10-30 16:47:30,"$107,265.53",$2.13T,$69.33B,19.94M BTC,3.58% (24h),82%,18%
2025-10-30 16:54:22,"$107,525.55",$2.14T,$69.48B,19.94M BTC,3.59% (24h),82%,18%
2025-10-30 17:12:31,"$107,594.39",$2.14T,$69.7B,19.94M BTC,3.53% (24h),82%,18%
2025-10-30 17:30:52,"$107,639.82",$2.14T,$70.8B,19.94M BTC,3.51% (24h),82%,18%
2025-10-30 17:40:11,"$107,468.82",$2.14T,$70.67B,19.94M BTC,3.84% (24h),82%,18%
2025-10-30 17:47:14,"$107,770.69",$2.14T,$70.24B,19.94M BTC,3.4% (24h),82%,18%
2025-10-30 17:54:13,"$107,922.38",$2.15T,$70.3B,19.94M BTC,3.33% (24h),82%,18%
2025-10-30 18:12:20,"$107,673.73",$2.14T,$70.13B,19.94M BTC,3.45% (24h),82%,18%
2025-10-30 18:34:28,"$107,508.67",$2.14T,$69.99B,19.94M BTC,3.32% (24h),82%,18%
2025-10-30 18:44:59,"$107,634.84",$2.14T,$70.84B,19.94M BTC,3.23% (24h),82%,18%
2025-10-30 18:54:21,"$107,753.15",$2.14T,$71.07B,19.94M BTC,3.07% (24h),82%,18%
2025-10-30 19:12:08,"$107,629.98",$2.14T,$70.37B,19.94M BTC,2.8% (24h),82%,18%
2025-10-30 19:30:44,"$107,708.66",$2.14T,$70.42B,19.94M BTC,2.52% (24h),82%,18%
2025-10-30 19:39:04,"$108,148.05",$2.15T,$70.17B,19.94M BTC,1.81% (24h),82%,18%
2025-10-30 19:46:33,"$107,996.75",$2.15T,$69.45B,19.94M BTC,1.85% (24h),82%,18%
2025-10-30 19:54:14,"$108,192.19",$2.15T,$69.53B,19.94M BTC,1.68% (24h),82%,18%
2025-10-30 20:56:14,"$109,332.47",$2.18T,$69.73B,19.94M BTC,1.05% (24h),82%,18%
2025-10-30 22:28:16,"$109,352.04",$2.18T,$71.83B,19.94M BTC,1.42% (24h),82%,18%
2025-10-30 23:32:59,"$108,924.79",$2.17T,$73.08B,19.94M BTC,1.7% (24h),82%,18%
2025-10-30 23:59:18,"$109,199.07",$2.17T,$72.28B,19.94M BTC,1.3% (24h),82%,18%
2025-10-31 00:22:36,"$109,611.02",$2.18T,$71.79B,19.94M BTC,0.44% (24h),82%,18%
2025-10-31 00:44:58,"$110,043.29",$2.19T,$69.52B,19.94M BTC,0.88% (24h),82%,18%
2025-10-31 00:55:27,"$109,988.30",$2.19T,$68.8B,19.94M BTC,0.75% (24h),82%,18%
2025-10-31 01:14:14,"$109,783.06",$2.18T,$67.92B,19.94M BTC,0.8% (24h),82%,18%
2025-10-31 01:35:31,"$109,989.10",$2.19T,$68.28B,19.94M BTC,0.67% (24h),82%,18%
2025-10-31 01:47:10,"$109,905.18",$2.19T,$68.86B,19.94M BTC,0.13% (24h),82%,18%
2025-10-31 01:53:59,"$109,860.71",$2.19T,$68.32B,19.94M BTC,0.36% (24h),82%,18%
2025-10-31 02:19:44,"$109,595.70",$2.18T,$67.27B,19.94M BTC,0.42% (24h),82%,18%
2025-10-31 02:47:51,"$109,561.53",$2.18T,$66.63B,19.94M BTC,1.15% (24h),82%,18%
2025-10-31 02:59:00,"$109,611.36",$2.18T,$67.25B,19.94M BTC,1.08% (24h),82%,18%
2025-10-31 03:17:26,"$109,640.01",$2.18T,$66.63B,19.94M BTC,1.61% (24h),82%,18%
2025-10-31 03:31:35,"$109,676.01",$2.18T,$66.61B,19.94M BTC,1.42% (24h),82%,18%
2025-10-31 03:41:06,"$109,521.19",$2.18T,$66.55B,19.94M BTC,1.54% (24h),82%,18%
2025-10-31 03:48:10,"$109,467.22",$2.18T,$65.41B,19.94M BTC,1.75% (24h),82%,18%
2025-10-31 03:55:23,"$109,367.04",$2.18T,$65.75B,19.94M BTC,1.76% (24h),82%,18%
2025-10-31 04:17:31,"$109,414.46",$2.18T,$65.74B,19.94M BTC,1.35% (24h),82%,18%
2025-10-31 04:42:07,"$109,681.46",$2.18T,$64.6B,19.94M BTC,1.03% (24h),82%,18%
2025-10-31 04:57:05,"$109,961.94",$2.19T,$64.48B,19.94M BTC,0.72% (24h),82%,18%
2025-10-31 05:15:07,"$110,111.40",$2.19T,$64.75B,19.94M BTC,0.28% (24h),82%,18%
2025-10-31 05:34:44,"$110,013.64",$2.19T,$65.86B,19.94M BTC,0.34% (24h),82%,18%
2025-10-31 05:47:28,"$109,992.57",$2.19T,$66.46B,19.94M BTC,0.22% (24h),82%,18%
2025-10-31 05:54:01,"$109,854.78",$2.19T,$66.45B,19.94M BTC,0.36% (24h),82%,18%
2025-10-31 06:14:16,"$109,777.84",$2.18T,$66.96B,19.94M BTC,0.22% (24h),82%,18%
2025-10-31 06:49:38,"$109,916.53",$2.19T,$66.58B,19.94M BTC,0.11% (24h),82%,18%
2025-10-31 06:56:12,"$109,838.58",$2.19T,$66.55B,19.94M BTC,0.23% (24h),82%,18%
2025-10-31 07:11:48,"$109,641.21",$2.18T,$65.77B,19.94M BTC,0.29% (24h),82%,18%
2025-10-31 07:27:21,"$109,533.50",$2.18T,$65.83B,19.94M BTC,0.43% (24h),82%,18%
2025-10-31 07:36:02,"$109,498.14",$2.18T,$65.6B,19.94M BTC,0.46% (24h),82%,18%
2025-10-31 07:44:06,"$109,602.53",$2.18T,$66.21B,19.94M BTC,0.3% (24h),82%,18%
2025-10-31 07:54:22,"$110,220.27",$2.19T,$65.91B,19.94M BTC,0.37% (24h),82%,18%
2025-10-31 08:25:26,"$110,204.66",$2.19T,$65.94B,19.94M BTC,1.07% (24h),82%,18%
2025-10-31 09:05:24,"$109,741.75",$2.18T,$64.28B,19.94M BTC,1.23% (24h),82%,18%
2025-10-31 09:38:27,"$109,722.88",$2.18T,$63.44B,19.94M BTC,1.61% (24h),82%,18%
2025-10-31 09:50:21,"$109,917.74",$2.19T,$61.88B,19.94M BTC,1.94% (24h),82%,18%
2025-10-31 09:57:45,"$110,082.66",$2.19T,$62.75B,19.94M BTC,2.05% (24h),82%,18%
2025-10-31 10:14:49,"$109,937.24",$2.19T,$61.48B,19.94M BTC,1.86% (24h),82%,18%
2025-10-31 10:38:07,"$109,966.65",$2.19T,$61B,19.94M BTC,1.72% (24h),82%,18%
2025-10-31 10:50:00,"$109,969.34",$2.19T,$60.84B,19.94M BTC,1.77% (24h),82%,18%
2025-10-31 10:57:31,"$110,907.30",$2.21T,$60.98B,19.94M BTC,2.48% (24h),82%,18%
2025-10-31 11:12:57,"$110,721.55",$2.2T,$64.08B,19.94M BTC,2.49% (24h),82%,18%
2025-10-31 11:34:25,"$110,451.57",$2.2T,$64.43B,19.94M BTC,2.49% (24h),82%,18%
2025-10-31 11:47:17,"$110,388.39",$2.2T,$64.61B,19.94M BTC,2.6% (24h),82%,18%
2025-10-31 11:54:27,"$110,375.74",$2.2T,$64.76B,19.94M BTC,2.54% (24h),82%,18%
2025-10-31 12:15:45,"$109,981.72",$2.19T,$65.29B,19.94M BTC,1.76% (24h),82%,18%
2025-10-31 12:43:01,"$109,689.81",$2.18T,$65.52B,19.94M BTC,1.48% (24h),82%,18%
2025-10-31 12:58:09,"$108,753.39",$2.16T,$65.63B,19.94M BTC,0.64% (24h),82%,18%
2025-10-31 13:14:57,"$108,898.27",$2.17T,$66.5B,19.94M BTC,1.22% (24h),82%,18%
2025-10-31 13:34:54,"$109,121.14",$2.17T,$66.64B,19.94M BTC,1.81% (24h),82%,18%
2025-10-31 13:46:41,"$109,294.44",$2.17T,$66.28B,19.94M BTC,1.76% (24h),82%,18%
2025-10-31 13:54:11,"$109,310.90",$2.17T,$64.28B,19.94M BTC,1.67% (24h),82%,18%
2025-10-31 14:19:02,"$109,244.62",$2.17T,$65.88B,19.94M BTC,1.75% (24h),82%,18%
2025-10-31 14:46:30,"$109,549.49",$2.18T,$60.99B,19.94M BTC,2.37% (24h),82%,18%
2025-10-31 14:57:55,"$109,307.41",$2.17T,$66.2B,19.94M BTC,2.22% (24h),82%,18%
2025-10-31 15:11:48,"$109,172.40",$2.17T,$65.14B,19.94M BTC,2.06% (24h),82%,18%
2025-10-31 15:24:37,"$109,610.60",$2.18T,$64.7B,19.94M BTC,2.68% (24h),82%,18%
2025-10-31 15:35:03,"$110,011.86",$2.19T,$65.03B,19.94M BTC,2.95% (24h),82%,18%
2025-10-31 15:43:48,"$109,869.78",$2.19T,$65.1B,19.94M BTC,3.03% (24h),82%,18%
2025-10-31 15:54:19,"$109,993.95",$2.19T,$64.41B,19.94M BTC,2.82% (24h),82%,18%
2025-10-31 16:15:01,"$109,708.20",$2.18T,$63.88B,19.94M BTC,2.63% (24h),82%,18%
2025-10-31 16:35:15,"$109,489.23",$2.18T,$64.17B,19.94M BTC,2.15% (24h),82%,18%
2025-10-31 16:45:10,"$109,483.30",$2.18T,$62.79B,19.94M BTC,2.03% (24h),82%,18%
2025-10-31 16:54:24,"$109,473.79",$2.18T,$62.56B,19.94M BTC,1.79% (24h),82%,18%
2025-10-31 17:12:00,"$109,492.26",$2.18T,$62.34B,19.94M BTC,1.76% (24h),82%,18%
2025-10-31 17:27:28,"$109,538.91",$2.18T,$62.53B,19.94M BTC,1.76% (24h),82%,18%
2025-10-31 17:35:47,"$109,450.17",$2.18T,$62.68B,19.94M BTC,1.75% (24h),82%,18%
2025-10-31 17:45:09,"$109,547.54",$2.18T,$62.44B,19.94M BTC,1.72% (24h),82%,18%
2025-10-31 17:54:05,"$109,586.61",$2.18T,$62.2B,19.94M BTC,1.56% (24h),82%,18%
2025-10-31 18:12:41,"$109,643.22",$2.18T,$61.98B,19.94M BTC,1.82% (24h),82%,18%
2025-10-31 18:34:37,"$109,640.66",$2.18T,$61.13B,19.94M BTC,1.96% (24h),82%,18%
2025-10-31 18:46:16,"$109,522.70",$2.18T,$61.85B,19.94M BTC,1.73% (24h),82%,18%
2025-10-31 18:53:59,"$109,559.25",$2.18T,$61.83B,19.94M BTC,1.75% (24h),82%,18%
2025-10-31 19:12:49,"$109,537.90",$2.18T,$61.28B,19.94M BTC,1.76% (24h),82%,18%
2025-10-31 19:30:12,"$109,564.38",$2.18T,$60.27B,19.94M BTC,1.73% (24h),82%,18%
2025-10-31 19:37:39,"$109,532.50",$2.18T,$60.91B,19.94M BTC,1.2% (24h),82%,18%
2025-10-31 19:44:09,"$109,606.13",$2.18T,$59.85B,19.94M BTC,1.5% (24h),82%,18%
2025-10-31 19:54:17,"$109,582.27",$2.18T,$60.45B,19.94M BTC,1.27% (24h),82%,18%
2025-10-31 20:59:20,"$109,679.47",$2.18T,$58.37B,19.94M BTC,0.26% (24h),82%,18%
2025-10-31 22:42:13,"$109,517.28",$2.18T,$54.99B,19.94M BTC,0.63% (24h),82%,18%
2025-10-31 23:36:23,"$110,038.40",$2.19T,$53.17B,19.94M BTC,0.84% (24h),82%,18%
2025-10-31 23:57:38,"$110,200.38",$2.19T,$53.71B,19.94M BTC,0.96% (24h),82%,18%
2025-11-01 00:15:47,"$110,204.57",$2.19T,$52.67B,19.94M BTC,0.75% (24h),82%,18%
2025-11-01 00:35:12,"$110,298.31",$2.19T,$53.11B,19.94M BTC,0.55% (24h),82%,18%
2025-11-01 00:46:24,"$110,239.97",$2.19T,$52.74B,19.94M BTC,0.16% (24h),82%,18%
2025-11-01 00:53:42,"$110,225.15",$2.19T,$52.58B,19.94M BTC,0.21% (24h),82%,18%
2025-11-01 01:13:04,"$110,044.65",$2.19T,$52.1B,19.94M BTC,0.16% (24h),82%,18%
2025-11-01 01:34:20,"$110,118.53",$2.19T,$51.43B,19.94M BTC,0.12% (24h),82%,18%
2025-11-01 01:45:49,"$110,225.97",$2.19T,$51.32B,19.94M BTC,0.32% (24h),82%,18%
2025-11-01 01:54:36,"$110,159.04",$2.19T,$51.18B,19.94M BTC,0.27% (24h),82%,18%
2025-11-01 02:17:04,"$110,004.63",$2.19T,$50.18B,19.94M BTC,0.29% (24h),82%,18%
2025-11-01 02:42:45,"$109,957.50",$2.19T,$50.59B,19.94M BTC,0.34% (24h),82%,18%
2025-11-01 02:54:29,"$109,915.90",$2.19T,$50.57B,19.94M BTC,0.33% (24h),82%,18%
2025-11-01 03:27:22,"$110,111.38",$2.19T,$49.11B,19.94M BTC,0.44% (24h),82%,18%
2025-11-01 03:35:00,"$110,146.63",$2.19T,$49.11B,19.94M BTC,0.42% (24h),82%,18%
2025-11-01 03:44:28,"$110,049.37",$2.19T,$49.64B,19.94M BTC,0.46% (24h),82%,18%
2025-11-01 03:54:01,"$110,019.09",$2.19T,$49.47B,19.94M BTC,0.67% (24h),82%,18%
2025-11-01 04:15:33,"$110,111.84",$2.19T,$48.66B,19.94M BTC,0.76% (24h),82%,18%
2025-11-01 04:36:47,"$110,144.45",$2.19T,$48.22B,19.94M BTC,0.41% (24h),82%,18%
2025-11-01 04:48:46,"$110,138.21",$2.19T,$48.11B,19.94M BTC,0.19% (24h),82%,18%
2025-11-01 04:56:05,"$110,172.23",$2.19T,$47.16B,19.94M BTC,0.19% (24h),82%,18%
2025-11-01 05:13:01,"$110,156.66",$2.19T,$47.51B,19.94M BTC,0.07% (24h),82%,18%
2025-11-01 05:31:07,"$110,105.44",$2.19T,$46.84B,19.94M BTC,0.07% (24h),82%,18%
2025-11-01 05:39:45,"$110,018.13",$2.19T,$46.95B,19.94M BTC,0.06% (24h),82%,18%
2025-11-01 05:46:41,"$109,988.00",$2.19T,$46.82B,19.94M BTC,0.03% (24h),82%,18%
2025-11-01 05:54:04,"$109,928.18",$2.19T,$46.66B,19.94M BTC,0.09% (24h),82%,18%
2025-11-01 06:13:00,"$109,812.97",$2.18T,$46.82B,19.94M BTC,0% (24h),82%,18%
2025-11-01 06:34:38,"$109,968.56",$2.19T,$46.84B,19.94M BTC,0.2% (24h),82%,18%
2025-11-01 06:45:30,"$110,002.53",$2.19T,$46.81B,19.94M BTC,0.01% (24h),82%,18%
2025-11-01 06:53:53,"$110,088.78",$2.19T,$45.93B,19.94M BTC,0.14% (24h),82%,18%
2025-11-01 07:10:22,"$110,149.94",$2.19T,$46.56B,19.94M BTC,0.46% (24h),82%,18%
2025-11-01 07:23:44,"$110,084.89",$2.19T,$45.68B,19.94M BTC,0.49% (24h),82%,18%
2025-11-01 07:35:08,"$109,975.38",$2.19T,$45.41B,19.94M BTC,0.46% (24h),82%,18%
2025-11-01 07:43:40,"$110,041.20",$2.19T,$46.16B,19.94M BTC,0.34% (24h),82%,18%
2025-11-01 07:53:09,"$110,107.01",$2.19T,$45.93B,19.94M BTC,0.08% (24h),82%,18%
2025-11-01 08:21:20,"$110,034.96",$2.19T,$44.83B,19.94M BTC,0.27% (24h),82%,18%
2025-11-01 08:56:42,"$109,977.42",$2.19T,$43.98B,19.94M BTC,0.25% (24h),82%,18%
2025-11-01 09:19:18,"$109,930.05",$2.19T,$43.64B,19.94M BTC,0.01% (24h),82%,18%
2025-11-01 09:35:43,"$109,981.51",$2.19T,$42.59B,19.94M BTC,0.38% (24h),82%,18%
2025-11-01 09:44:20,"$109,721.66",$2.18T,$42.74B,19.94M BTC,0.17% (24h),82%,18%
2025-11-01 09:53:51,"$109,923.74",$2.19T,$42.19B,19.94M BTC,0.04% (24h),82%,18%
2025-11-01 10:29:41,"$109,835.84",$2.19T,$40.52B,19.94M BTC,0.05% (24h),82%,18%
2025-11-01 10:39:20,"$109,852.09",$2.19T,$39.95B,19.94M BTC,0.11% (24h),82%,18%
2025-11-01 10:46:21,"$109,885.73",$2.19T,$39.56B,19.94M BTC,0.07% (24h),82%,18%
2025-11-01 11:11:48,"$110,291.51",$2.19T,$37.57B,19.94M BTC,0.56% (24h),82%,18%
2025-11-01 11:26:16,"$110,062.41",$2.19T,$35.48B,19.94M BTC,0.28% (24h),82%,18%
2025-11-01 11:34:51,"$110,097.76",$2.19T,$34.79B,19.94M BTC,0.33% (24h),82%,18%
2025-11-01 11:44:15,"$110,094.02",$2.19T,$33.46B,19.94M BTC,0.13% (24h),82%,18%
2025-11-01 11:53:22,"$110,109.90",$2.19T,$33.93B,19.94M BTC,0.09% (24h),82%,18%
2025-11-01 12:13:12,"$110,346.73",$2.2T,$33.96B,19.94M BTC,0.34% (24h),82%,18%
2025-11-01 12:35:42,"$110,396.35",$2.2T,$34.36B,19.94M BTC,0.43% (24h),82%,18%
2025-11-01 12:46:56,"$110,507.14",$2.2T,$33.5B,19.94M BTC,0.84% (24h),82%,18%
2025-11-01 12:53:17,"$110,521.48",$2.2T,$33.52B,19.94M BTC,1.31% (24h),82%,18%
2025-11-01 13:10:18,"$110,369.01",$2.2T,$33.06B,19.94M BTC,1.15% (24h),82%,18%
2025-11-01 13:26:14,"$110,305.27",$2.19T,$31.16B,19.94M BTC,1.19% (24h),82%,18%
2025-11-01 13:35:23,"$110,325.27",$2.2T,$31.66B,19.94M BTC,1.1% (24h),82%,18%
2025-11-01 13:44:05,"$110,401.37",$2.2T,$31.39B,19.94M BTC,1.05% (24h),82%,18%
2025-11-01 13:54:08,"$110,444.77",$2.2T,$31.24B,19.94M BTC,1.02% (24h),82%,18%
2025-11-01 14:16:04,"$110,352.97",$2.2T,$30.86B,19.94M BTC,0.95% (24h),82%,18%
2025-11-01 14:39:47,"$110,321.50",$2.2T,$30.36B,19.94M BTC,0.98% (24h),82%,18%
2025-11-01 14:49:44,"$110,380.04",$2.2T,$29.56B,19.94M BTC,0.89% (24h),82%,18%
2025-11-01 14:56:04,"$110,433.25",$2.2T,$29.56B,19.94M BTC,1.01% (24h),82%,18%
2025-11-01 15:09:32,"$110,353.37",$2.2T,$29.12B,19.94M BTC,1.06% (24h),82%,18%
2025-11-01 15:22:01,"$110,358.22",$2.2T,$28.93B,19.94M BTC,0.71% (24h),82%,18%
2025-11-01 15:35:00,"$110,319.43",$2.2T,$27.59B,19.94M BTC,0.39% (24h),82%,18%
2025-11-01 15:43:20,"$110,347.24",$2.2T,$28.19B,19.94M BTC,0.45% (24h),82%,18%
2025-11-01 15:54:04,"$110,373.10",$2.2T,$26.97B,19.94M BTC,0.36% (24h),82%,18%
2025-11-01 16:12:31,"$110,455.26",$2.2T,$27.14B,19.94M BTC,0.69% (24h),82%,18%
2025-11-01 16:31:34,"$110,533.68",$2.2T,$25.96B,19.94M BTC,0.84% (24h),82%,18%
2025-11-01 16:40:31,"$110,550.98",$2.2T,$26.71B,19.94M BTC,0.97% (24h),82%,18%
2025-11-01 16:47:25,"$110,526.47",$2.2T,$26.5B,19.94M BTC,0.77% (24h),82%,18%
2025-11-01 16:54:54,"$110,538.76",$2.2T,$25.29B,19.94M BTC,0.97% (24h),82%,18%
2025-11-01 17:10:34,"$110,446.86",$2.2T,$26.44B,19.94M BTC,0.84% (24h),82%,18%
2025-11-01 17:25:34,"$110,295.08",$2.19T,$26.37B,19.94M BTC,0.63% (24h),82%,18%
2025-11-01 17:35:00,"$110,258.57",$2.19T,$25.6B,19.94M BTC,0.72% (24h),82%,18%
2025-11-01 17:43:42,"$110,150.58",$2.19T,$25.41B,19.94M BTC,0.45% (24h),82%,18%
2025-11-01 17:54:02,"$110,018.82",$2.19T,$25.21B,19.94M BTC,0.39% (24h),82%,18%
2025-11-01 18:11:24,"$109,965.27",$2.19T,$25.33B,19.94M BTC,0.35% (24h),82%,18%
2025-11-01 18:30:07,"$109,961.57",$2.19T,$25.33B,19.94M BTC,0.32% (24h),82%,18%
2025-11-01 18:40:23,"$110,009.83",$2.19T,$26.13B,19.94M BTC,0.32% (24h),82%,18%
2025-11-01 18:46:54,"$110,012.80",$2.19T,$26.04B,19.94M BTC,0.42% (24h),82%,18%
2025-11-01 18:54:38,"$109,993.66",$2.19T,$26.06B,19.94M BTC,0.39% (24h),82%,18%
2025-11-01 19:12:21,"$109,986.45",$2.19T,$25.91B,19.94M BTC,0.4% (24h),82%,18%
2025-11-01 19:29:41,"$110,035.42",$2.19T,$25.89B,19.94M BTC,0.43% (24h),82%,18%
2025-11-01 19:38:18,"$109,967.53",$2.19T,$25.82B,19.94M BTC,0.39% (24h),82%,18%
2025-11-01 19:44:56,"$109,995.32",$2.19T,$25.91B,19.94M BTC,0.35% (24h),82%,18%
2025-11-01 19:54:06,"$109,989.33",$2.19T,$25.77B,19.94M BTC,0.37% (24h),82%,18%
2025-11-01 20:59:59,"$109,918.92",$2.19T,$25.58B,19.94M BTC,0.21% (24h),82%,18%
2025-11-01 22:46:35,"$110,007.54",$2.19T,$24.42B,19.94M BTC,0.36% (24h),82%,18%
2025-11-01 23:39:43,"$109,984.43",$2.19T,$24.57B,19.94M BTC,0.06% (24h),82%,18%
2025-11-02 00:01:07,"$109,992.88",$2.19T,$24.36B,19.94M BTC,0.17% (24h),82%,18%
2025-11-02 00:26:46,"$110,120.86",$2.19T,$24.31B,19.94M BTC,0.11% (24h),82%,18%
2025-11-02 00:42:50,"$110,264.57",$2.19T,$25.01B,19.94M BTC,0.08% (24h),82%,18%
2025-11-02 00:53:41,"$110,496.78",$2.2T,$24.53B,19.94M BTC,0.24% (24h),82%,18%
2025-11-02 01:13:06,"$110,459.66",$2.2T,$25.3B,19.94M BTC,0.37% (24h),82%,18%
2025-11-02 01:34:02,"$110,451.95",$2.2T,$26.38B,19.94M BTC,0.3% (24h),82%,18%
2025-11-02 01:46:06,"$110,485.11",$2.2T,$26.77B,19.94M BTC,0.24% (24h),82%,18%
2025-11-02 01:54:01,"$110,372.64",$2.2T,$26.76B,19.94M BTC,0.19% (24h),82%,18%
2025-11-02 01:17:33,"$110,361.59",$2.2T,$27.36B,19.94M BTC,0.32% (24h),82%,18%
2025-11-02 01:45:02,"$110,461.09",$2.2T,$27.66B,19.94M BTC,0.49% (24h),82%,18%
2025-11-02 01:56:06,"$110,655.48",$2.2T,$28.04B,19.94M BTC,0.63% (24h),82%,18%
2025-11-02 02:12:39,"$110,504.24",$2.2T,$28.17B,19.94M BTC,0.39% (24h),82%,18%
2025-11-02 02:30:10,"$110,472.75",$2.2T,$28.26B,19.94M BTC,0.32% (24h),82%,18%
2025-11-02 02:38:12,"$110,517.99",$2.2T,$28.22B,19.94M BTC,0.33% (24h),82%,18%
2025-11-02 02:45:02,"$110,648.77",$2.2T,$28.08B,19.94M BTC,0.54% (24h),82%,18%
2025-11-02 02:54:13,"$110,953.86",$2.21T,$27.84B,19.94M BTC,0.85% (24h),82%,18%
2025-11-02 03:15:03,"$110,771.28",$2.2T,$29.08B,19.94M BTC,0.6% (24h),82%,18%
2025-11-02 03:35:22,"$110,717.31",$2.2T,$29.16B,19.94M BTC,0.5% (24h),82%,18%
2025-11-02 03:47:20,"$110,755.31",$2.2T,$29.34B,19.94M BTC,0.56% (24h),82%,18%
2025-11-02 03:54:21,"$110,768.04",$2.2T,$29.37B,19.94M BTC,0.52% (24h),82%,18%
2025-11-02 04:11:59,"$110,862.47",$2.21T,$29.5B,19.94M BTC,0.64% (24h),82%,18%
2025-11-02 04:28:15,"$110,966.95",$2.21T,$29.63B,19.94M BTC,0.78% (24h),82%,18%
2025-11-02 04:36:40,"$110,739.99",$2.2T,$28.92B,19.94M BTC,0.63% (24h),82%,18%
2025-11-02 04:44:11,"$110,553.45",$2.2T,$28.99B,19.94M BTC,0.53% (24h),82%,18%
2025-11-02 04:54:22,"$110,598.78",$2.2T,$28.87B,19.94M BTC,0.61% (24h),82%,18%
2025-11-02 05:12:30,"$110,714.84",$2.2T,$30.04B,19.94M BTC,0.78% (24h),82%,18%
2025-11-02 05:33:29,"$110,371.17",$2.2T,$30.14B,19.94M BTC,0.38% (24h),82%,18%
2025-11-02 05:45:18,"$110,396.09",$2.2T,$30.46B,19.94M BTC,0.36% (24h),82%,18%
2025-11-02 05:53:38,"$110,417.16",$2.2T,$30.67B,19.94M BTC,0.3% (24h),82%,18%
2025-11-02 06:10:16,"$110,628.80",$2.2T,$29.95B,19.94M BTC,0.43% (24h),82%,18%
2025-11-02 06:23:43,"$110,774.34",$2.2T,$30B,19.94M BTC,0.62% (24h),82%,18%
2025-11-02 06:35:23,"$110,780.39",$2.2T,$30.16B,19.94M BTC,0.73% (24h),82%,18%
2025-11-02 06:43:57,"$110,884.15",$2.21T,$31.17B,19.94M BTC,0.79% (24h),82%,18%
2025-11-02 06:53:52,"$111,123.93",$2.21T,$30.39B,19.94M BTC,0.92% (24h),82%,18%
2025-11-02 07:21:21,"$111,026.45",$2.21T,$31.79B,19.94M BTC,0.89% (24h),82%,18%
2025-11-02 07:56:10,"$110,769.73",$2.2T,$31.3B,19.94M BTC,0.7% (24h),82%,18%
2025-11-02 08:18:52,"$110,437.32",$2.2T,$31.2B,19.94M BTC,0.46% (24h),82%,18%
2025-11-02 08:35:13,"$110,386.43",$2.2T,$32.58B,19.94M BTC,0.35% (24h),82%,18%
2025-11-02 08:44:13,"$110,324.00",$2.2T,$32.63B,19.94M BTC,0.55% (24h),82%,18%
2025-11-02 08:53:28,"$110,441.89",$2.2T,$32.45B,19.94M BTC,0.47% (24h),82%,18%
2025-11-02 09:11:56,"$110,534.45",$2.2T,$32.63B,19.94M BTC,0.67% (24h),82%,18%
2025-11-02 09:29:44,"$110,218.79",$2.19T,$31.79B,19.94M BTC,0.38% (24h),82%,18%
2025-11-02 09:39:25,"$110,384.68",$2.2T,$32.62B,19.94M BTC,0.48% (24h),82%,18%
2025-11-02 09:46:44,"$110,295.00",$2.19T,$32.63B,19.94M BTC,0.37% (24h),82%,18%
2025-11-02 09:54:06,"$110,431.28",$2.2T,$32.56B,19.94M BTC,0.52% (24h),82%,18%
2025-11-02 10:11:43,"$110,331.99",$2.2T,$32.84B,19.94M BTC,0.03% (24h),82%,18%
2025-11-02 10:28:21,"$110,490.12",$2.2T,$32.6B,19.94M BTC,0.4% (24h),82%,18%
2025-11-02 10:37:57,"$110,454.71",$2.2T,$31.75B,19.94M BTC,0.35% (24h),82%,18%
2025-11-02 10:44:31,"$110,240.46",$2.19T,$31.79B,19.94M BTC,0.14% (24h),82%,18%
2025-11-02 10:54:33,"$110,246.90",$2.19T,$32.66B,19.94M BTC,0.08% (24h),82%,18%
2025-11-02 11:13:40,"$109,824.50",$2.19T,$33.11B,19.94M BTC,0.46% (24h),82%,18%
2025-11-02 11:36:59,"$110,099.94",$2.19T,$32.47B,19.94M BTC,0.27% (24h),82%,18%
2025-11-02 11:47:58,"$109,999.50",$2.19T,$32.36B,19.94M BTC,0.46% (24h),82%,18%
2025-11-02 11:55:16,"$110,056.17",$2.19T,$32.22B,19.94M BTC,0.41% (24h),82%,18%
2025-11-02 12:11:06,"$110,190.50",$2.19T,$32.93B,19.94M BTC,0.2% (24h),82%,18%
2025-11-02 12:28:17,"$110,218.80",$2.19T,$32.95B,19.94M BTC,0.07% (24h),82%,18%
2025-11-02 12:37:34,"$110,066.32",$2.19T,$32.96B,19.94M BTC,0.22% (24h),82%,18%
2025-11-02 12:44:38,"$110,027.96",$2.19T,$32.98B,19.94M BTC,0.33% (24h),82%,18%
2025-11-02 12:53:34,"$110,031.71",$2.19T,$33.01B,19.94M BTC,0.35% (24h),82%,18%
2025-11-02 13:15:41,"$110,189.55",$2.19T,$32.93B,19.94M BTC,0.14% (24h),82%,18%
2025-11-02 13:38:23,"$110,252.18",$2.19T,$32.83B,19.94M BTC,0.07% (24h),82%,18%
2025-11-02 13:48:57,"$110,276.74",$2.19T,$32.86B,19.94M BTC,0.04% (24h),82%,18%
2025-11-02 13:56:31,"$110,319.29",$2.2T,$32.88B,19.94M BTC,0.1% (24h),82%,18%
2025-11-02 14:09:30,"$110,208.76",$2.19T,$32.87B,19.94M BTC,0.15% (24h),82%,18%
2025-11-02 14:22:27,"$110,163.67",$2.19T,$32.98B,19.94M BTC,0.17% (24h),82%,18%
2025-11-02 14:34:45,"$110,109.78",$2.19T,$33.02B,19.94M BTC,0.19% (24h),82%,18%
2025-11-02 14:43:55,"$110,025.88",$2.19T,$32.5B,19.94M BTC,0.26% (24h),82%,18%
2025-11-02 14:53:43,"$110,074.93",$2.19T,$32.51B,19.94M BTC,0.25% (24h),82%,18%
2025-11-02 15:13:24,"$110,012.33",$2.19T,$33.2B,19.94M BTC,0.39% (24h),82%,18%
2025-11-02 15:32:14,"$109,931.42",$2.19T,$33.45B,19.94M BTC,0.54% (24h),82%,18%
2025-11-02 15:44:34,"$110,026.61",$2.19T,$31.24B,19.94M BTC,0.45% (24h),82%,18%
2025-11-02 15:54:20,"$110,051.79",$2.19T,$32.11B,19.94M BTC,0.41% (24h),82%,18%
2025-11-02 16:11:35,"$110,004.72",$2.19T,$33.36B,19.94M BTC,0.4% (24h),82%,18%
2025-11-02 16:26:06,"$110,015.26",$2.19T,$32.5B,19.94M BTC,0.24% (24h),82%,18%
2025-11-02 16:35:18,"$110,022.02",$2.19T,$33.42B,19.94M BTC,0.21% (24h),82%,18%
2025-11-02 16:43:34,"$110,012.76",$2.19T,$33.44B,19.94M BTC,0.12% (24h),82%,18%
2025-11-02 16:53:55,"$110,070.52",$2.19T,$32.58B,19.94M BTC,0.03% (24h),82%,18%
2025-11-02 17:11:29,"$110,001.28",$2.19T,$33.24B,19.94M BTC,0.03% (24h),82%,18%
2025-11-02 17:30:34,"$109,976.21",$2.19T,$33.2B,19.94M BTC,0.01% (24h),82%,18%
2025-11-02 17:40:54,"$109,572.63",$2.18T,$32.55B,19.94M BTC,0.4% (24h),82%,18%
2025-11-02 17:47:44,"$109,640.45",$2.18T,$32.59B,19.94M BTC,0.34% (24h),82%,18%
2025-11-02 17:55:15,"$109,707.66",$2.18T,$32.9B,19.94M BTC,0.26% (24h),82%,18%
2025-11-02 18:13:17,"$110,394.83",$2.2T,$33.04B,19.94M BTC,0.35% (24h),82%,18%
2025-11-02 18:27:37,"$110,194.59",$2.19T,$33.62B,19.94M BTC,0.15% (24h),82%,18%
2025-11-02 18:35:18,"$110,215.06",$2.19T,$33.52B,19.94M BTC,0.18% (24h),82%,18%
2025-11-02 18:43:57,"$110,457.17",$2.2T,$34.86B,19.94M BTC,0.42% (24h),82%,18%
2025-11-02 18:53:58,"$110,607.03",$2.2T,$35.03B,19.94M BTC,0.56% (24h),82%,18%
2025-11-02 19:59:18,"$109,845.27",$2.19T,$34.19B,19.94M BTC,0.06% (24h),82%,18%
2025-11-02 21:46:32,"$108,784.32",$2.16T,$37.37B,19.94M BTC,1.11% (24h),82%,18%
2025-11-02 22:43:35,"$108,317.99",$2.16T,$40.92B,19.94M BTC,1.49% (24h),82%,18%
2025-11-02 23:06:57,"$107,609.61",$2.14T,$42.08B,19.94M BTC,2.18% (24h),82%,18%
2025-11-02 23:38:56,"$107,815.80",$2.15T,$43.18B,19.94M BTC,2.08% (24h),82%,18%
2025-11-02 23:53:52,"$107,932.07",$2.15T,$42.97B,19.94M BTC,2.31% (24h),82%,18%
2025-11-03 00:16:03,"$107,957.79",$2.15T,$42.55B,19.94M BTC,2.3% (24h),82%,18%
2025-11-03 00:35:50,"$107,900.36",$2.15T,$41.92B,19.94M BTC,2.29% (24h),82%,18%
2025-11-03 00:47:48,"$107,528.66",$2.14T,$41.79B,19.94M BTC,2.65% (24h),82%,18%
2025-11-03 00:54:33,"$107,602.37",$2.14T,$41.89B,19.94M BTC,2.51% (24h),82%,18%
2025-11-03 01:20:30,"$107,462.15",$2.14T,$42.14B,19.94M BTC,2.64% (24h),82%,18%
2025-11-03 01:50:23,"$107,392.54",$2.14T,$43.35B,19.94M BTC,2.93% (24h),82%,18%
2025-11-03 02:01:09,"$107,419.52",$2.14T,$42.81B,19.94M BTC,2.91% (24h),82%,18%
2025-11-03 02:22:21,"$107,341.75",$2.14T,$44.05B,19.94M BTC,2.81% (24h),82%,18%
2025-11-03 02:38:44,"$107,612.24",$2.14T,$43.54B,19.94M BTC,2.63% (24h),82%,18%
2025-11-03 02:46:32,"$107,457.71",$2.14T,$43.78B,19.94M BTC,2.89% (24h),82%,18%
2025-11-03 02:54:32,"$107,613.87",$2.14T,$43.78B,19.94M BTC,3.02% (24h),82%,18%
2025-11-03 03:19:27,"$107,503.39",$2.14T,$44.53B,19.94M BTC,2.96% (24h),82%,18%
2025-11-03 03:45:40,"$107,118.17",$2.13T,$44.01B,19.94M BTC,3.3% (24h),82%,18%
2025-11-03 03:59:23,"$107,532.07",$2.14T,$45.41B,19.94M BTC,2.92% (24h),82%,18%
2025-11-03 04:22:44,"$107,450.60",$2.14T,$44.92B,19.94M BTC,3.19% (24h),82%,18%
2025-11-03 04:44:09,"$107,245.25",$2.13T,$45.31B,19.94M BTC,2.99% (24h),82%,18%
2025-11-03 04:54:38,"$107,115.14",$2.13T,$45.16B,19.94M BTC,3.13% (24h),82%,18%
2025-11-03 05:16:09,"$107,504.86",$2.14T,$45.07B,19.94M BTC,2.96% (24h),82%,18%
2025-11-03 05:43:06,"$107,236.63",$2.13T,$45.65B,19.94M BTC,2.85% (24h),82%,18%
2025-11-03 05:55:35,"$107,147.68",$2.13T,$44.98B,19.94M BTC,2.94% (24h),82%,18%
2025-11-03 06:11:57,"$107,498.14",$2.14T,$46.93B,19.94M BTC,2.82% (24h),82%,18%
2025-11-03 06:29:50,"$107,617.09",$2.14T,$46.34B,19.94M BTC,2.92% (24h),82%,18%
2025-11-03 06:39:33,"$107,654.57",$2.14T,$47.35B,19.94M BTC,2.87% (24h),82%,18%
2025-11-03 06:45:51,"$107,773.02",$2.14T,$47.33B,19.94M BTC,2.8% (24h),82%,18%
2025-11-03 06:54:24,"$107,845.97",$2.15T,$46.39B,19.94M BTC,2.94% (24h),82%,18%
2025-11-03 07:25:13,"$108,107.06",$2.15T,$46.55B,19.94M BTC,2.59% (24h),82%,18%
2025-11-03 08:06:53,"$107,648.21",$2.14T,$46.81B,19.94M BTC,2.66% (24h),82%,18%
2025-11-03 08:39:56,"$107,955.54",$2.15T,$47.01B,19.94M BTC,2.12% (24h),82%,18%
2025-11-03 08:51:38,"$107,882.98",$2.15T,$47.28B,19.94M BTC,2.31% (24h),82%,18%
2025-11-03 08:59:00,"$107,880.84",$2.15T,$47.34B,19.94M BTC,2.38% (24h),82%,18%
2025-11-03 09:17:25,"$107,862.27",$2.15T,$47.39B,19.94M BTC,2.35% (24h),82%,18%
2025-11-03 09:39:24,"$107,798.55",$2.14T,$48.19B,19.94M BTC,2.34% (24h),82%,18%
2025-11-03 09:50:49,"$107,843.75",$2.15T,$47.05B,19.94M BTC,2.21% (24h),82%,18%
2025-11-03 09:57:43,"$107,973.92",$2.15T,$48.58B,19.94M BTC,2.23% (24h),82%,18%
2025-11-03 10:16:14,"$107,552.82",$2.14T,$49.7B,19.94M BTC,2.53% (24h),82%,18%
2025-11-03 10:35:43,"$106,135.63",$2.11T,$51.88B,19.94M BTC,3.94% (24h),82%,18%
2025-11-03 10:48:27,"$105,900.72",$2.11T,$53.87B,19.94M BTC,4% (24h),82%,18%
2025-11-03 10:56:26,"$105,847.90",$2.11T,$54.65B,19.94M BTC,3.97% (24h),82%,18%
2025-11-03 11:15:59,"$106,006.87",$2.11T,$53.34B,19.94M BTC,3.47% (24h),82%,18%
2025-11-03 11:42:24,"$106,559.30",$2.12T,$59.05B,19.94M BTC,3.16% (24h),82%,18%
2025-11-03 11:57:46,"$106,695.45",$2.12T,$60.6B,19.94M BTC,3.09% (24h),82%,18%
2025-11-03 12:14:47,"$106,869.94",$2.13T,$60.74B,19.94M BTC,3.02% (24h),82%,18%
2025-11-03 12:34:25,"$107,439.28",$2.14T,$62.58B,19.94M BTC,2.42% (24h),82%,18%
2025-11-03 12:46:52,"$107,512.47",$2.14T,$62.91B,19.94M BTC,2.29% (24h),82%,18%
2025-11-03 12:54:03,"$107,413.12",$2.14T,$63.06B,19.94M BTC,2.38% (24h),82%,18%
2025-11-03 13:18:18,"$107,193.59",$2.13T,$64.94B,19.94M BTC,2.69% (24h),82%,18%
2025-11-03 13:43:11,"$107,034.09",$2.13T,$65.82B,19.94M BTC,2.93% (24h),82%,18%
2025-11-03 13:56:20,"$107,009.65",$2.13T,$66.59B,19.94M BTC,2.98% (24h),82%,18%
2025-11-03 14:10:59,"$106,661.31",$2.12T,$66.58B,19.94M BTC,3.21% (24h),82%,18%
2025-11-03 14:25:13,"$106,892.09",$2.13T,$68.19B,19.94M BTC,2.98% (24h),82%,18%
2025-11-03 14:35:28,"$107,056.90",$2.13T,$68.58B,19.94M BTC,2.75% (24h),82%,18%
2025-11-03 14:43:38,"$107,250.08",$2.13T,$68.86B,19.94M BTC,2.52% (24h),82%,18%
2025-11-03 14:54:14,"$107,118.88",$2.13T,$68.09B,19.94M BTC,2.68% (24h),82%,18%
2025-11-03 15:14:45,"$106,753.52",$2.12T,$68.31B,19.94M BTC,2.96% (24h),82%,18%
2025-11-03 15:36:00,"$106,799.52",$2.13T,$68.76B,19.94M BTC,2.95% (24h),82%,18%
2025-11-03 15:47:32,"$106,512.48",$2.12T,$70.25B,19.94M BTC,3.18% (24h),82%,18%
2025-11-03 15:55:02,"$106,444.73",$2.12T,$70.4B,19.94M BTC,3.3% (24h),82%,18%
2025-11-03 16:12:48,"$106,605.88",$2.12T,$70.78B,19.94M BTC,3.08% (24h),82%,18%
2025-11-03 16:31:04,"$106,643.51",$2.12T,$71.66B,19.94M BTC,3.1% (24h),82%,18%
2025-11-03 16:40:55,"$106,829.53",$2.13T,$72.34B,19.94M BTC,2.91% (24h),82%,18%
2025-11-03 16:48:26,"$106,954.25",$2.13T,$72.5B,19.94M BTC,2.79% (24h),82%,18%
2025-11-03 16:55:18,"$106,927.87",$2.13T,$72.31B,19.94M BTC,2.82% (24h),82%,18%
2025-11-03 17:13:33,"$106,415.95",$2.12T,$72.54B,19.94M BTC,3.25% (24h),82%,18%
2025-11-03 17:35:11,"$106,250.28",$2.11T,$72.91B,19.94M BTC,2.98% (24h),82%,18%
2025-11-03 17:46:32,"$106,403.05",$2.12T,$73.64B,19.94M BTC,2.94% (24h),82%,18%
2025-11-03 17:54:08,"$106,486.16",$2.12T,$73.33B,19.94M BTC,2.96% (24h),82%,18%
2025-11-03 18:12:05,"$106,238.14",$2.11T,$72.74B,19.94M BTC,3.71% (24h),82%,18%
2025-11-03 18:31:08,"$106,464.93",$2.12T,$72.53B,19.94M BTC,3.4% (24h),82%,18%
2025-11-03 18:40:22,"$106,643.43",$2.12T,$72.83B,19.94M BTC,3.43% (24h),82%,18%
2025-11-03 18:47:56,"$106,533.36",$2.12T,$72.84B,19.94M BTC,3.5% (24h),82%,18%
2025-11-03 18:54:57,"$106,538.72",$2.12T,$72.87B,19.94M BTC,3.67% (24h),82%,18%
2025-11-03 19:56:27,"$106,389.34",$2.12T,$73.56B,19.94M BTC,3.22% (24h),82%,18%
2025-11-03 21:27:53,"$107,162.59",$2.13T,$75.03B,19.94M BTC,2.15% (24h),82%,18%
2025-11-03 22:31:32,"$106,902.41",$2.13T,$73.51B,19.94M BTC,1.05% (24h),82%,18%
2025-11-03 22:55:42,"$107,113.13",$2.13T,$72.34B,19.94M BTC,0.82% (24h),82%,18%
2025-11-03 23:16:20,"$107,055.48",$2.13T,$72.45B,19.94M BTC,0.57% (24h),82%,18%
2025-11-03 23:38:22,"$106,858.48",$2.13T,$72.3B,19.94M BTC,0.89% (24h),82%,18%
2025-11-03 23:49:59,"$106,720.70",$2.12T,$71.2B,19.94M BTC,0.98% (24h),82%,18%
2025-11-03 23:57:02,"$106,723.29",$2.12T,$71.24B,19.94M BTC,1.1% (24h),82%,18%
2025-11-04 00:14:03,"$106,578.57",$2.12T,$72.07B,19.94M BTC,1.26% (24h),82%,18%
2025-11-04 00:35:43,"$105,403.73",$2.1T,$71.92B,19.94M BTC,2.3% (24h),82%,18%
2025-11-04 00:47:13,"$104,858.50",$2.09T,$73.43B,19.94M BTC,2.49% (24h),82%,18%
2025-11-04 00:54:16,"$104,474.68",$2.08T,$73.58B,19.94M BTC,2.89% (24h),82%,18%
2025-11-04 01:20:27,"$104,900.73",$2.09T,$75.88B,19.94M BTC,2.34% (24h),82%,18%
2025-11-04 01:48:49,"$104,594.29",$2.08T,$76.73B,19.94M BTC,2.36% (24h),82%,18%
2025-11-04 02:00:14,"$104,697.01",$2.08T,$77.72B,19.94M BTC,2.59% (24h),82%,18%
2025-11-04 02:20:07,"$104,590.53",$2.08T,$78.58B,19.94M BTC,2.62% (24h),82%,18%
2025-11-04 02:35:02,"$104,491.45",$2.08T,$77.35B,19.94M BTC,2.92% (24h),82%,18%
2025-11-04 02:46:07,"$104,380.17",$2.08T,$78.42B,19.94M BTC,2.87% (24h),82%,18%
2025-11-04 02:54:17,"$104,484.61",$2.08T,$78.32B,19.94M BTC,2.91% (24h),82%,18%
2025-11-04 03:18:36,"$103,796.67",$2.07T,$79.38B,19.94M BTC,3.47% (24h),82%,18%
2025-11-04 03:45:19,"$104,417.08",$2.08T,$79.37B,19.94M BTC,2.62% (24h),82%,18%
2025-11-04 04:00:10,"$103,995.95",$2.07T,$80.21B,19.94M BTC,3.31% (24h),82%,18%
2025-11-04 04:23:36,"$103,722.68",$2.06T,$80.29B,19.94M BTC,3.47% (24h),82%,18%
2025-11-04 04:42:58,"$103,948.83",$2.07T,$81.7B,19.94M BTC,3.07% (24h),82%,18%
2025-11-04 04:54:39,"$103,703.93",$2.06T,$81.82B,19.94M BTC,3.16% (24h),82%,18%
2025-11-04 05:15:57,"$103,681.13",$2.06T,$81.79B,19.94M BTC,3.53% (24h),82%,18%
2025-11-04 05:43:04,"$103,995.95",$2.07T,$82.11B,19.94M BTC,3.02% (24h),82%,18%
2025-11-04 05:56:54,"$103,659.98",$2.06T,$82.21B,19.94M BTC,3.28% (24h),82%,18%
2025-11-04 06:13:02,"$104,119.68",$2.07T,$82.55B,19.94M BTC,3.14% (24h),82%,18%
2025-11-04 06:32:18,"$104,258.50",$2.07T,$82.14B,19.94M BTC,3.17% (24h),82%,18%
2025-11-04 06:46:03,"$104,556.32",$2.08T,$81.17B,19.94M BTC,2.94% (24h),82%,18%
2025-11-04 06:54:19,"$104,502.35",$2.08T,$82.59B,19.94M BTC,3.08% (24h),82%,18%
2025-11-04 07:26:24,"$103,924.78",$2.07T,$81.24B,19.94M BTC,3.89% (24h),82%,18%
2025-11-04 08:10:42,"$103,808.80",$2.07T,$83.3B,19.94M BTC,3.6% (24h),82%,18%
2025-11-04 08:44:32,"$104,200.07",$2.07T,$84.42B,19.94M BTC,3.34% (24h),82%,18%
2025-11-04 08:57:19,"$103,957.38",$2.07T,$84.74B,19.94M BTC,3.71% (24h),82%,18%
2025-11-04 09:14:37,"$103,937.40",$2.07T,$84B,19.94M BTC,3.76% (24h),82%,18%
2025-11-04 09:39:49,"$103,045.48",$2.05T,$84.06B,19.94M BTC,4.37% (24h),82%,18%
2025-11-04 09:53:19,"$104,340.65",$2.08T,$86.38B,19.94M BTC,3.32% (24h),82%,18%
2025-11-04 10:14:58,"$104,069.91",$2.07T,$86.96B,19.94M BTC,3.36% (24h),82%,18%
2025-11-04 10:37:59,"$104,223.90",$2.07T,$85.39B,19.94M BTC,2% (24h),82%,18%
2025-11-04 10:49:06,"$103,712.46",$2.06T,$84.4B,19.94M BTC,1.96% (24h),82%,18%
2025-11-04 10:56:18,"$103,433.79",$2.06T,$84.41B,19.94M BTC,2.23% (24h),82%,18%
2025-11-04 11:17:07,"$102,992.30",$2.05T,$83.63B,19.94M BTC,2.68% (24h),82%,18%
2025-11-04 11:43:05,"$102,714.87",$2.04T,$82.85B,19.94M BTC,3.56% (24h),82%,18%
2025-11-04 11:58:07,"$102,236.11",$2.03T,$83.81B,19.94M BTC,4.18% (24h),82%,18%
2025-11-04 12:14:09,"$101,293.37",$2.02T,$85.06B,19.94M BTC,5.21% (24h),82%,18%
2025-11-04 12:33:09,"$101,390.06",$2.02T,$87.09B,19.94M BTC,5.49% (24h),82%,18%
2025-11-04 12:46:29,"$101,364.09",$2.02T,$87.59B,19.94M BTC,5.74% (24h),82%,18%
2025-11-04 12:53:54,"$101,190.22",$2.01T,$87.88B,19.94M BTC,5.78% (24h),82%,18%
2025-11-04 13:19:04,"$100,532.89",$2T,$89.15B,19.94M BTC,6.26% (24h),82%,18%
2025-11-04 13:46:50,"$101,007.12",$2.01T,$91.64B,19.94M BTC,5.45% (24h),82%,18%
2025-11-04 13:57:02,"$101,061.90",$2.01T,$92.39B,19.94M BTC,5.52% (24h),82%,18%
2025-11-04 14:11:24,"$101,042.91",$2.01T,$93.1B,19.94M BTC,5.27% (24h),82%,18%
2025-11-04 14:26:12,"$101,561.45",$2.02T,$93.92B,19.94M BTC,5.07% (24h),82%,18%
2025-11-04 14:34:49,"$101,046.09",$2.01T,$94.11B,19.94M BTC,5.56% (24h),82%,18%
2025-11-04 14:43:54,"$100,659.91",$2T,$93.5B,19.94M BTC,6.06% (24h),82%,18%
2025-11-04 14:53:25,"$100,744.58",$2T,$95B,19.94M BTC,5.89% (24h),82%,18%
2025-11-04 15:14:36,"$100,425.64",$2T,$94.54B,19.94M BTC,5.95% (24h),82%,18%
2025-11-04 15:36:08,"$100,288.57",$2T,$98.77B,19.94M BTC,6.1% (24h),82%,18%
2025-11-04 15:48:39,"$100,849.95",$2.01T,$100.22B,19.94M BTC,5.36% (24h),82%,18%
2025-11-04 15:55:55,"$100,632.64",$2T,$101.19B,19.94M BTC,5.46% (24h),82%,18%
2025-11-04 16:12:49,"$100,534.34",$2T,$100.06B,19.94M BTC,5.73% (24h),82%,18%
2025-11-04 16:31:42,"$99,651.72",$1.98T,$101.11B,19.94M BTC,6.55% (24h),82%,18%
2025-11-04 16:41:00,"$99,322.77",$1.98T,$102.93B,19.94M BTC,7.02% (24h),82%,18%
2025-11-04 16:48:15,"$99,504.66",$1.98T,$103.97B,19.94M BTC,6.95% (24h),82%,18%
2025-11-04 16:55:35,"$99,613.53",$1.98T,$105.06B,19.94M BTC,6.85% (24h),82%,18%
2025-11-04 17:12:33,"$100,841.20",$2.01T,$106.56B,19.94M BTC,5.28% (24h),82%,18%
2025-11-04 17:35:25,"$101,575.74",$2.02T,$107.66B,19.94M BTC,4.36% (24h),82%,18%
2025-11-04 17:47:00,"$101,335.95",$2.02T,$108.52B,19.94M BTC,4.74% (24h),82%,18%
2025-11-04 17:54:27,"$101,047.31",$2.01T,$109.37B,19.94M BTC,5.1% (24h),82%,18%
2025-11-04 18:12:44,"$100,960.69",$2.01T,$109.69B,19.94M BTC,4.96% (24h),82%,18%
2025-11-04 18:31:05,"$101,126.81",$2.01T,$110.62B,19.94M BTC,5.01% (24h),82%,18%
2025-11-04 18:41:47,"$101,198.71",$2.01T,$110.85B,19.94M BTC,5.13% (24h),82%,18%
2025-11-04 18:48:36,"$101,523.89",$2.02T,$110.37B,19.94M BTC,4.65% (24h),82%,18%
2025-11-04 18:55:52,"$101,621.74",$2.02T,$110.8B,19.94M BTC,4.61% (24h),82%,18%
2025-11-04 19:58:35,"$100,610.19",$2T,$110.33B,19.94M BTC,5.42% (24h),82%,18%
2025-11-04 21:30:54,"$101,323.50",$2.02T,$115.82B,19.94M BTC,5.23% (24h),82%,18%
2025-11-04 22:33:53,"$102,070.09",$2.03T,$118.96B,19.94M BTC,4.46% (24h),82%,18%
2025-11-04 22:59:15,"$102,147.11",$2.03T,$119.03B,19.94M BTC,4.65% (24h),82%,18%
2025-11-04 23:22:03,"$101,879.35",$2.03T,$121.97B,19.94M BTC,4.78% (24h),82%,18%
2025-11-04 23:43:24,"$101,990.56",$2.03T,$123.43B,19.94M BTC,4.54% (24h),82%,18%
2025-11-04 23:55:07,"$101,912.09",$2.03T,$124B,19.94M BTC,4.51% (24h),82%,18%
2025-11-05 00:14:17,"$102,313.34",$2.04T,$123.15B,19.94M BTC,4% (24h),82%,18%
2025-11-05 00:35:53,"$101,904.79",$2.03T,$121.85B,19.94M BTC,3.32% (24h),82%,18%
2025-11-05 00:47:44,"$101,724.02",$2.02T,$122.18B,19.94M BTC,2.98% (24h),82%,18%
2025-11-05 00:54:58,"$101,736.52",$2.02T,$119.58B,19.94M BTC,2.61% (24h),82%,18%
2025-11-05 01:20:14,"$101,901.23",$2.03T,$119.26B,19.94M BTC,2.84% (24h),82%,18%
2025-11-05 01:48:22,"$101,868.94",$2.03T,$117.83B,19.94M BTC,2.6% (24h),82%,18%
2025-11-05 01:59:26,"$102,093.17",$2.03T,$117.67B,19.94M BTC,2.42% (24h),82%,18%
2025-11-05 02:18:43,"$101,916.04",$2.03T,$116.78B,19.94M BTC,2.54% (24h),82%,18%
2025-11-05 02:33:29,"$101,843.76",$2.03T,$116.55B,19.94M BTC,2.54% (24h),82%,18%
2025-11-05 02:45:48,"$101,906.83",$2.03T,$115.44B,19.94M BTC,2.32% (24h),82%,18%
2025-11-05 02:54:24,"$101,962.53",$2.03T,$116.1B,19.94M BTC,2.44% (24h),82%,18%
2025-11-05 03:18:35,"$101,541.19",$2.02T,$114.52B,19.94M BTC,2.16% (24h),82%,18%
2025-11-05 03:45:43,"$101,521.12",$2.02T,$110.72B,19.94M BTC,2.75% (24h),82%,18%
2025-11-05 04:00:22,"$101,655.16",$2.02T,$113.89B,19.94M BTC,2.26% (24h),82%,18%
2025-11-05 04:22:33,"$101,811.11",$2.03T,$114.24B,19.94M BTC,1.91% (24h),82%,18%
2025-11-05 04:43:03,"$101,931.28",$2.03T,$113.81B,19.94M BTC,1.93% (24h),82%,18%
2025-11-05 04:54:24,"$101,874.03",$2.03T,$113.6B,19.94M BTC,1.8% (24h),82%,18%
2025-11-05 05:15:48,"$101,740.71",$2.02T,$111.82B,19.94M BTC,1.87% (24h),82%,18%
2025-11-05 05:41:17,"$101,735.06",$2.02T,$111.96B,19.94M BTC,2.06% (24h),82%,18%
2025-11-05 05:52:36,"$101,432.31",$2.02T,$111.44B,19.94M BTC,2.1% (24h),82%,18%
2025-11-05 06:12:37,"$101,573.33",$2.02T,$111.11B,19.94M BTC,2.5% (24h),82%,18%
2025-11-05 06:31:14,"$101,668.61",$2.02T,$110.95B,19.94M BTC,2.52% (24h),82%,18%
2025-11-05 06:41:39,"$101,781.93",$2.02T,$110.99B,19.94M BTC,2.64% (24h),82%,18%
2025-11-05 06:48:24,"$101,833.43",$2.03T,$111.56B,19.94M BTC,2.6% (24h),82%,18%
2025-11-05 06:55:32,"$102,041.96",$2.03T,$111.55B,19.94M BTC,2.35% (24h),82%,18%
2025-11-05 07:24:51,"$102,423.94",$2.04T,$111.4B,19.94M BTC,1.66% (24h),82%,18%
2025-11-05 08:07:45,"$102,608.75",$2.04T,$107.55B,19.94M BTC,1.16% (24h),82%,18%
2025-11-05 08:41:55,"$102,779.08",$2.04T,$110.33B,19.94M BTC,1.28% (24h),82%,18%
2025-11-05 08:54:28,"$103,204.29",$2.05T,$110.52B,19.94M BTC,0.74% (24h),82%,18%
2025-11-05 09:13:48,"$102,721.16",$2.04T,$111.04B,19.94M BTC,1.17% (24h),82%,18%
2025-11-05 09:39:08,"$102,465.78",$2.04T,$110.61B,19.94M BTC,0.46% (24h),82%,18%
2025-11-05 09:52:40,"$103,295.02",$2.06T,$109.68B,19.94M BTC,0.99% (24h),82%,18%
2025-11-05 10:14:58,"$103,023.47",$2.05T,$105.95B,19.94M BTC,1.3% (24h),82%,18%
2025-11-05 10:34:29,"$103,438.62",$2.06T,$109.22B,19.94M BTC,0.77% (24h),82%,18%
2025-11-05 10:49:42,"$103,686.82",$2.06T,$109.44B,19.94M BTC,0.02% (24h),82%,18%
2025-11-05 10:56:42,"$103,621.36",$2.06T,$109.52B,19.94M BTC,0.1% (24h),82%,18%
2025-11-05 11:17:28,"$103,430.05",$2.06T,$108.7B,19.94M BTC,0.3% (24h),82%,18%
2025-11-05 11:45:33,"$103,629.78",$2.06T,$107.2B,19.94M BTC,0.96% (24h),82%,18%
2025-11-05 12:00:05,"$103,930.38",$2.07T,$107B,19.94M BTC,1.69% (24h),82%,18%
2025-11-05 12:19:52,"$103,689.93",$2.06T,$103.04B,19.94M BTC,2.27% (24h),82%,18%
2025-11-05 12:36:41,"$103,824.40",$2.07T,$102.03B,19.94M BTC,2.07% (24h),82%,18%
2025-11-05 12:45:44,"$103,909.19",$2.07T,$102.3B,19.94M BTC,2.53% (24h),82%,18%
2025-11-05 12:54:12,"$103,653.23",$2.06T,$101.96B,19.94M BTC,2.49% (24h),82%,18%
2025-11-05 13:18:36,"$104,011.55",$2.07T,$97.71B,19.94M BTC,3.46% (24h),82%,18%
2025-11-05 13:46:33,"$104,249.18",$2.07T,$98.51B,19.94M BTC,3.22% (24h),82%,18%
2025-11-05 13:58:29,"$104,334.96",$2.08T,$94.83B,19.94M BTC,3.1% (24h),82%,18%
2025-11-05 14:13:51,"$104,142.12",$2.07T,$96.3B,19.94M BTC,2.98% (24h),82%,18%
2025-11-05 14:29:26,"$104,257.12",$2.07T,$95.81B,19.94M BTC,2.89% (24h),82%,18%
2025-11-05 14:38:14,"$104,390.61",$2.08T,$95.63B,19.94M BTC,3.43% (24h),82%,18%
2025-11-05 14:45:01,"$104,318.67",$2.08T,$95.33B,19.94M BTC,3.63% (24h),82%,18%
2025-11-05 14:54:17,"$104,105.29",$2.07T,$94.98B,19.94M BTC,3.42% (24h),82%,18%
2025-11-05 15:14:48,"$104,514.57",$2.08T,$93.96B,19.94M BTC,4.15% (24h),82%,18%
2025-11-05 15:36:45,"$103,957.74",$2.07T,$90.79B,19.94M BTC,3.7% (24h),82%,18%
2025-11-05 15:49:15,"$103,791.24",$2.07T,$89.77B,19.94M BTC,2.91% (24h),82%,18%
2025-11-05 15:56:19,"$103,916.33",$2.07T,$89.61B,19.94M BTC,3.3% (24h),82%,18%
2025-11-05 16:12:32,"$103,683.74",$2.06T,$88.36B,19.94M BTC,3.19% (24h),82%,18%
2025-11-05 16:31:47,"$103,596.25",$2.06T,$86.95B,19.94M BTC,3.99% (24h),82%,18%
2025-11-05 16:40:26,"$103,654.11",$2.06T,$84.44B,19.94M BTC,4.52% (24h),82%,18%
2025-11-05 16:47:45,"$103,644.54",$2.06T,$84.36B,19.94M BTC,4.01% (24h),82%,18%
2025-11-05 16:54:25,"$103,733.62",$2.06T,$83.09B,19.94M BTC,4.6% (24h),82%,18%
2025-11-05 17:12:43,"$103,458.30",$2.06T,$81.38B,19.94M BTC,2.58% (24h),82%,18%
2025-11-05 17:34:56,"$103,431.13",$2.06T,$79.76B,19.94M BTC,2.06% (24h),82%,18%
2025-11-05 17:46:48,"$103,602.67",$2.06T,$79.41B,19.94M BTC,2.25% (24h),82%,18%
2025-11-05 17:54:06,"$103,756.50",$2.06T,$79.51B,19.94M BTC,2.63% (24h),82%,18%
2025-11-05 18:12:50,"$103,724.30",$2.06T,$78.89B,19.94M BTC,2.64% (24h),82%,18%
2025-11-05 18:31:56,"$103,949.17",$2.07T,$78.29B,19.94M BTC,2.79% (24h),82%,18%
2025-11-05 18:42:30,"$103,935.07",$2.07T,$78.25B,19.94M BTC,2.67% (24h),82%,18%
2025-11-05 18:54:10,"$103,929.47",$2.07T,$77.95B,19.94M BTC,2.23% (24h),82%,18%
2025-11-05 19:56:58,"$103,673.47",$2.06T,$76.21B,19.94M BTC,3.08% (24h),82%,18%
2025-11-05 21:30:22,"$102,911.23",$2.05T,$69.97B,19.94M BTC,1.61% (24h),82%,18%
2025-11-05 22:37:17,"$103,705.02",$2.06T,$65.85B,19.94M BTC,1.54% (24h),82%,18%
2025-11-05 23:02:15,"$103,603.79",$2.06T,$63.89B,19.94M BTC,1.4% (24h),82%,18%
2025-11-05 23:37:58,"$103,714.07",$2.06T,$61.81B,19.94M BTC,1.88% (24h),82%,18%
2025-11-05 23:52:28,"$104,018.92",$2.07T,$61.43B,19.94M BTC,1.9% (24h),82%,18%
2025-11-06 00:13:37,"$103,461.90",$2.06T,$61.36B,19.94M BTC,1.19% (24h),82%,18%
2025-11-06 00:35:53,"$103,403.85",$2.06T,$60.88B,19.94M BTC,1.38% (24h),82%,18%
2025-11-06 00:47:47,"$103,299.68",$2.06T,$60.76B,19.94M BTC,1.53% (24h),82%,18%
2025-11-06 00:54:56,"$103,145.52",$2.05T,$60.72B,19.94M BTC,1.38% (24h),82%,18%
2025-11-06 01:19:54,"$103,342.30",$2.06T,$60.35B,19.94M BTC,1.54% (24h),82%,18%
2025-11-06 01:49:01,"$103,370.18",$2.06T,$60.08B,19.94M BTC,1.46% (24h),82%,18%
2025-11-06 02:00:16,"$103,303.74",$2.06T,$59.92B,19.94M BTC,1.17% (24h),82%,18%
2025-11-06 02:20:13,"$102,959.51",$2.05T,$59.93B,19.94M BTC,1.04% (24h),,
2025-11-06 02:33:38,"$103,283.09",$2.05T,$60.13B,19.94M BTC,1.42% (24h),82%,18%
2025-11-06 02:44:48,"$103,171.72",$2.05T,$59.72B,19.94M BTC,1.28% (24h),82%,18%
2025-11-06 02:54:02,"$103,081.12",$2.05T,$60.11B,19.94M BTC,1.11% (24h),82%,18%
2025-11-06 03:18:20,"$103,331.03",$2.06T,$60.29B,19.94M BTC,1.75% (24h),82%,18%
2025-11-06 03:45:11,"$103,197.11",$2.05T,$59.73B,19.94M BTC,1.68% (24h),82%,18%
2025-11-06 03:59:22,"$103,203.22",$2.05T,$59.28B,19.94M BTC,1.43% (24h),82%,18%
2025-11-06 04:20:32,"$103,050.59",$2.05T,$59.21B,19.94M BTC,1.2% (24h),82%,18%
2025-11-06 04:38:56,"$103,000.70",$2.05T,$59.59B,19.94M BTC,1.12% (24h),82%,18%
2025-11-06 04:50:23,"$102,885.52",$2.05T,$58.72B,19.94M BTC,0.98% (24h),82%,18%
2025-11-06 04:57:23,"$102,936.49",$2.05T,$58.68B,19.94M BTC,0.95% (24h),82%,18%
2025-11-06 05:17:00,"$102,889.95",$2.05T,$58.75B,19.94M BTC,1.14% (24h),82%,18%
2025-11-06 05:41:24,"$103,207.21",$2.05T,$59.62B,19.94M BTC,1.43% (24h),82%,18%
2025-11-06 05:53:17,"$103,118.64",$2.05T,$59.56B,19.94M BTC,1.66% (24h),82%,18%
2025-11-06 06:12:34,"$102,858.01",$2.05T,$59.14B,19.94M BTC,1.25% (24h),82%,18%
2025-11-06 06:31:03,"$103,160.92",$2.05T,$59.74B,19.94M BTC,1.43% (24h),82%,18%
2025-11-06 06:41:15,"$103,164.41",$2.05T,$59.77B,19.94M BTC,1.33% (24h),82%,18%
2025-11-06 06:48:09,"$103,222.42",$2.05T,$58.92B,19.94M BTC,1.35% (24h),82%,18%
2025-11-06 06:55:57,"$103,187.59",$2.05T,$59.03B,19.94M BTC,1.16% (24h),82%,18%
2025-11-06 07:24:47,"$102,872.58",$2.05T,$58.66B,19.94M BTC,0.41% (24h),82%,18%
2025-11-06 08:07:10,"$102,633.29",$2.04T,$58.28B,19.94M BTC,0.02% (24h),82%,18%
2025-11-06 08:40:40,"$103,150.33",$2.05T,$58.61B,19.94M BTC,0.48% (24h),82%,18%
2025-11-06 08:54:01,"$103,412.45",$2.06T,$58.2B,19.94M BTC,0.26% (24h),82%,18%
2025-11-06 09:14:16,"$103,001.66",$2.05T,$57.48B,19.94M BTC,0.27% (24h),82%,18%
2025-11-06 09:38:10,"$102,655.87",$2.04T,$58.09B,19.94M BTC,0.24% (24h),82%,18%
2025-11-06 09:50:54,"$102,611.98",$2.04T,$58.2B,19.94M BTC,0.54% (24h),82%,18%
2025-11-06 09:58:13,"$102,060.88",$2.03T,$57.39B,19.94M BTC,1.16% (24h),82%,18%
2025-11-06 10:18:21,"$102,344.08",$2.04T,$58.31B,19.94M BTC,0.87% (24h),82%,18%
2025-11-06 10:38:25,"$101,984.65",$2.03T,$58.24B,19.94M BTC,1.41% (24h),82%,18%
2025-11-06 10:51:15,"$101,792.61",$2.03T,$58.41B,19.94M BTC,1.73% (24h),82%,18%
2025-11-06 10:59:06,"$101,944.72",$2.03T,$59.03B,19.94M BTC,1.67% (24h),82%,18%
2025-11-06 11:23:38,"$101,536.18",$2.02T,$59.04B,19.94M BTC,1.58% (24h),82%,18%
2025-11-06 11:50:27,"$100,419.58",$2T,$59.14B,19.94M BTC,3.31% (24h),82%,18%
2025-11-06 12:02:30,"$100,915.41",$2.01T,$59.5B,19.94M BTC,2.8% (24h),82%,18%
2025-11-06 12:30:40,"$101,350.25",$2.02T,$61.09B,19.94M BTC,2.5% (24h),82%,18%
2025-11-06 12:43:54,"$101,346.17",$2.02T,$61.23B,19.94M BTC,2.45% (24h),82%,18%
2025-11-06 12:54:08,"$101,695.17",$2.02T,$61.12B,19.94M BTC,1.88% (24h),82%,18%
2025-11-06 13:19:21,"$100,930.88",$2.01T,$60.71B,19.94M BTC,2.98% (24h),82%,18%
2025-11-06 13:48:04,"$101,669.21",$2.02T,$60.85B,19.94M BTC,2.52% (24h),82%,18%
2025-11-06 14:00:10,"$101,712.90",$2.02T,$60.99B,19.94M BTC,2.52% (24h),82%,18%
2025-11-06 14:17:34,"$101,895.64",$2.03T,$58.72B,19.94M BTC,2.41% (24h),82%,18%
